pitcher,player_name,game_date,home_team,away_team,inning_topbot,release_speed,launch_speed,launch_angle,events,description,barrel_flag,hard_hit
808967,"Yamamoto, Yoshinobu",2025-10-25,TOR,LAD,Bot,96.9,76.0,60,field_out,hit_into_play,0,0
808967,"Yamamoto, Yoshinobu",2025-10-25,TOR,LAD,Bot,91.8,,,,ball,0,0
808967,"Yamamoto, Yoshinobu",2025-10-25,TOR,LAD,Bot,90.8,,,,swinging_strike,0,0
808967,"Yamamoto, Yoshinobu",2025-10-25,TOR,LAD,Bot,91.4,,,,swinging_strike,0,0
808967,"Yamamoto, Yoshinobu",2025-10-25,TOR,LAD,Bot,94.8,101.0,16,field_out,hit_into_play,0,1
808967,"Yamamoto, Yoshinobu",2025-10-25,TOR,LAD,Bot,94.9,,,,called_strike,0,0
808967,"Yamamoto, Yoshinobu",2025-10-25,TOR,LAD,Bot,78.5,37.2,-26,field_out,hit_into_play,0,0
808967,"Yamamoto, Yoshinobu",2025-10-25,TOR,LAD,Bot,96.3,,,,ball,0,0
808967,"Yamamoto, Yoshinobu",2025-10-25,TOR,LAD,Bot,85.4,,,,ball,0,0
808967,"Yamamoto, Yoshinobu",2025-10-25,TOR,LAD,Bot,91.7,,,,foul,0,0
808967,"Yamamoto, Yoshinobu",2025-10-25,TOR,LAD,Bot,91.6,74.2,-26,,foul,0,0
808967,"Yamamoto, Yoshinobu",2025-10-25,TOR,LAD,Bot,77.6,,,,called_strike,0,0
680755,"Fisher, Braydon",2025-10-25,TOR,LAD,Top,85.2,96.3,37,field_out,hit_into_play,0,1
680755,"Fisher, Braydon",2025-10-25,TOR,LAD,Top,89.6,,,,called_strike,0,0
680755,"Fisher, Braydon",2025-10-25,TOR,LAD,Top,90.0,63.3,42,,foul,0,0
680755,"Fisher, Braydon",2025-10-25,TOR,LAD,Top,88.9,,,,ball,0,0
680755,"Fisher, Braydon",2025-10-25,TOR,LAD,Top,97.3,,,,ball,0,0
680755,"Fisher, Braydon",2025-10-25,TOR,LAD,Top,89.7,94.4,37,field_out,hit_into_play,0,0
680755,"Fisher, Braydon",2025-10-25,TOR,LAD,Top,89.5,,,,called_strike,0,0
680755,"Fisher, Braydon",2025-10-25,TOR,LAD,Top,83.9,,,,ball,0,0
680755,"Fisher, Braydon",2025-10-25,TOR,LAD,Top,90.7,79.1,58,field_out,hit_into_play,0,0
680755,"Fisher, Braydon",2025-10-25,TOR,LAD,Top,90.5,,,,foul_bunt,0,0
680755,"Fisher, Braydon",2025-10-25,TOR,LAD,Top,89.2,,,walk,ball,0,0
680755,"Fisher, Braydon",2025-10-25,TOR,LAD,Top,89.5,,,,ball,0,0
680755,"Fisher, Braydon",2025-10-25,TOR,LAD,Top,95.2,,,,ball,0,0
680755,"Fisher, Braydon",2025-10-25,TOR,LAD,Top,89.6,,,,ball,0,0
808967,"Yamamoto, Yoshinobu",2025-10-25,TOR,LAD,Bot,96.8,,,strikeout,called_strike,0,0
808967,"Yamamoto, Yoshinobu",2025-10-25,TOR,LAD,Bot,74.3,,,,ball,0,0
808967,"Yamamoto, Yoshinobu",2025-10-25,TOR,LAD,Bot,96.3,75.8,18,,foul,0,0
808967,"Yamamoto, Yoshinobu",2025-10-25,TOR,LAD,Bot,90.0,,,,called_strike,0,0
808967,"Yamamoto, Yoshinobu",2025-10-25,TOR,LAD,Bot,95.8,,,strikeout,swinging_strike,0,0
808967,"Yamamoto, Yoshinobu",2025-10-25,TOR,LAD,Bot,90.7,,,,ball,0,0
808967,"Yamamoto, Yoshinobu",2025-10-25,TOR,LAD,Bot,75.8,,,,called_strike,0,0
808967,"Yamamoto, Yoshinobu",2025-10-25,TOR,LAD,Bot,89.4,,,,foul,0,0
808967,"Yamamoto, Yoshinobu",2025-10-25,TOR,LAD,Bot,76.6,,,strikeout,foul_tip,0,0
808967,"Yamamoto, Yoshinobu",2025-10-25,TOR,LAD,Bot,95.6,,,,ball,0,0
808967,"Yamamoto, Yoshinobu",2025-10-25,TOR,LAD,Bot,96.1,72.6,62,,foul,0,0
808967,"Yamamoto, Yoshinobu",2025-10-25,TOR,LAD,Bot,75.3,70.5,-18,,foul,0,0
808967,"Yamamoto, Yoshinobu",2025-10-25,TOR,LAD,Bot,91.1,,,,swinging_strike,0,0
808967,"Yamamoto, Yoshinobu",2025-10-25,TOR,LAD,Bot,90.8,,,,called_strike,0,0
656546,"Hoffman, Jeff",2025-10-25,TOR,LAD,Top,87.6,,,strikeout,swinging_strike,0,0
656546,"Hoffman, Jeff",2025-10-25,TOR,LAD,Top,87.7,,,,called_strike,0,0
656546,"Hoffman, Jeff",2025-10-25,TOR,LAD,Top,86.6,,,,called_strike,0,0
656546,"Hoffman, Jeff",2025-10-25,TOR,LAD,Top,87.5,65.2,-19,force_out,hit_into_play,0,0
656546,"Hoffman, Jeff",2025-10-25,TOR,LAD,Top,88.7,,,,ball,0,0
656546,"Hoffman, Jeff",2025-10-25,TOR,LAD,Top,88.6,,,,called_strike,0,0
656546,"Hoffman, Jeff",2025-10-25,TOR,LAD,Top,88.3,,,,ball,0,0
656546,"Hoffman, Jeff",2025-10-25,TOR,LAD,Top,88.9,,,,ball,0,0
686973,"Varland, Louis",2025-10-25,TOR,LAD,Top,85.8,,,walk,blocked_ball,0,0
686973,"Varland, Louis",2025-10-25,TOR,LAD,Top,87.1,,,,ball,0,0
686973,"Varland, Louis",2025-10-25,TOR,LAD,Top,97.8,76.9,41,,foul,0,0
686973,"Varland, Louis",2025-10-25,TOR,LAD,Top,88.2,,,,ball,0,0
686973,"Varland, Louis",2025-10-25,TOR,LAD,Top,86.9,,,,called_strike,0,0
686973,"Varland, Louis",2025-10-25,TOR,LAD,Top,88.5,,,,blocked_ball,0,0
686973,"Varland, Louis",2025-10-25,TOR,LAD,Top,94.4,92.5,3,single,hit_into_play,0,0
686973,"Varland, Louis",2025-10-25,TOR,LAD,Top,99.0,,,,foul,0,0
686973,"Varland, Louis",2025-10-25,TOR,LAD,Top,88.0,84.4,1,single,hit_into_play,0,0
686973,"Varland, Louis",2025-10-25,TOR,LAD,Top,98.6,,,,ball,0,0
686973,"Varland, Louis",2025-10-25,TOR,LAD,Top,87.1,,,,called_strike,0,0
686973,"Varland, Louis",2025-10-25,TOR,LAD,Top,97.8,97.4,43,field_out,hit_into_play,0,1
808967,"Yamamoto, Yoshinobu",2025-10-25,TOR,LAD,Bot,90.2,107.7,-1,field_out,hit_into_play,0,1
808967,"Yamamoto, Yoshinobu",2025-10-25,TOR,LAD,Bot,90.2,,,,ball,0,0
808967,"Yamamoto, Yoshinobu",2025-10-25,TOR,LAD,Bot,90.9,63.1,-15,field_out,hit_into_play,0,0
808967,"Yamamoto, Yoshinobu",2025-10-25,TOR,LAD,Bot,91.5,101.5,1,field_out,hit_into_play,0,1
808967,"Yamamoto, Yoshinobu",2025-10-25,TOR,LAD,Bot,95.4,,,,ball,0,0
808967,"Yamamoto, Yoshinobu",2025-10-25,TOR,LAD,Bot,89.8,55.3,-38,,foul,0,0
808967,"Yamamoto, Yoshinobu",2025-10-25,TOR,LAD,Bot,91.0,,,,ball,0,0
808967,"Yamamoto, Yoshinobu",2025-10-25,TOR,LAD,Bot,74.3,,,,swinging_strike,0,0
686973,"Varland, Louis",2025-10-25,TOR,LAD,Top,97.0,85.2,53,field_out,hit_into_play,0,0
592332,"Gausman, Kevin",2025-10-25,TOR,LAD,Top,95.9,100.9,34,home_run,hit_into_play,0,1
592332,"Gausman, Kevin",2025-10-25,TOR,LAD,Top,85.0,,,,ball,0,0
592332,"Gausman, Kevin",2025-10-25,TOR,LAD,Top,84.5,,,,swinging_strike,0,0
592332,"Gausman, Kevin",2025-10-25,TOR,LAD,Top,85.8,,,,ball,0,0
592332,"Gausman, Kevin",2025-10-25,TOR,LAD,Top,95.6,63.2,-38,,foul,0,0
592332,"Gausman, Kevin",2025-10-25,TOR,LAD,Top,86.3,,,strikeout,swinging_strike_blocked,0,0
592332,"Gausman, Kevin",2025-10-25,TOR,LAD,Top,86.4,,,,ball,0,0
592332,"Gausman, Kevin",2025-10-25,TOR,LAD,Top,94.9,73.8,16,,foul,0,0
592332,"Gausman, Kevin",2025-10-25,TOR,LAD,Top,86.5,,,,ball,0,0
592332,"Gausman, Kevin",2025-10-25,TOR,LAD,Top,93.7,,,,called_strike,0,0
592332,"Gausman, Kevin",2025-10-25,TOR,LAD,Top,94.2,107.5,29,home_run,hit_into_play,1,1
592332,"Gausman, Kevin",2025-10-25,TOR,LAD,Top,94.3,77.2,42,,foul,0,0
592332,"Gausman, Kevin",2025-10-25,TOR,LAD,Top,94.8,,,,ball,0,0
592332,"Gausman, Kevin",2025-10-25,TOR,LAD,Top,95.3,,,,ball,0,0
592332,"Gausman, Kevin",2025-10-25,TOR,LAD,Top,95.0,,,,called_strike,0,0
592332,"Gausman, Kevin",2025-10-25,TOR,LAD,Top,94.7,,,,ball,0,0
592332,"Gausman, Kevin",2025-10-25,TOR,LAD,Top,84.8,103.4,39,field_out,hit_into_play,0,1
808967,"Yamamoto, Yoshinobu",2025-10-25,TOR,LAD,Bot,91.3,60.3,33,field_out,hit_into_play,0,0
808967,"Yamamoto, Yoshinobu",2025-10-25,TOR,LAD,Bot,75.5,,,,ball,0,0
808967,"Yamamoto, Yoshinobu",2025-10-25,TOR,LAD,Bot,90.6,,,,swinging_strike,0,0
808967,"Yamamoto, Yoshinobu",2025-10-25,TOR,LAD,Bot,77.1,,,strikeout,swinging_strike,0,0
808967,"Yamamoto, Yoshinobu",2025-10-25,TOR,LAD,Bot,89.5,,,,called_strike,0,0
808967,"Yamamoto, Yoshinobu",2025-10-25,TOR,LAD,Bot,89.6,,,,swinging_strike,0,0
808967,"Yamamoto, Yoshinobu",2025-10-25,TOR,LAD,Bot,78.4,,,,ball,0,0
808967,"Yamamoto, Yoshinobu",2025-10-25,TOR,LAD,Bot,90.8,103.2,0,field_out,hit_into_play,0,1
808967,"Yamamoto, Yoshinobu",2025-10-25,TOR,LAD,Bot,94.7,,,,ball,0,0
808967,"Yamamoto, Yoshinobu",2025-10-25,TOR,LAD,Bot,91.4,,,,ball,0,0
808967,"Yamamoto, Yoshinobu",2025-10-25,TOR,LAD,Bot,96.1,,,,called_strike,0,0
592332,"Gausman, Kevin",2025-10-25,TOR,LAD,Top,95.6,88.1,73,field_out,hit_into_play,0,0
592332,"Gausman, Kevin",2025-10-25,TOR,LAD,Top,94.9,,,,called_strike,0,0
592332,"Gausman, Kevin",2025-10-25,TOR,LAD,Top,95.6,70.7,73,field_out,hit_into_play,0,0
592332,"Gausman, Kevin",2025-10-25,TOR,LAD,Top,94.5,,,,called_strike,0,0
592332,"Gausman, Kevin",2025-10-25,TOR,LAD,Top,85.4,,,,ball,0,0
592332,"Gausman, Kevin",2025-10-25,TOR,LAD,Top,95.1,97.1,17,field_out,hit_into_play,0,1
808967,"Yamamoto, Yoshinobu",2025-10-25,TOR,LAD,Bot,90.8,95.8,-17,field_out,hit_into_play,0,1
808967,"Yamamoto, Yoshinobu",2025-10-25,TOR,LAD,Bot,91.8,,,,swinging_strike,0,0
808967,"Yamamoto, Yoshinobu",2025-10-25,TOR,LAD,Bot,95.5,,,,ball,0,0
808967,"Yamamoto, Yoshinobu",2025-10-25,TOR,LAD,Bot,77.9,98.3,-2,field_out,hit_into_play,0,1
808967,"Yamamoto, Yoshinobu",2025-10-25,TOR,LAD,Bot,79.1,,,,ball,0,0
808967,"Yamamoto, Yoshinobu",2025-10-25,TOR,LAD,Bot,91.0,87.7,22,field_out,hit_into_play,0,0
808967,"Yamamoto, Yoshinobu",2025-10-25,TOR,LAD,Bot,90.3,,,,ball,0,0
808967,"Yamamoto, Yoshinobu",2025-10-25,TOR,LAD,Bot,96.2,72.5,50,,foul,0,0
592332,"Gausman, Kevin",2025-10-25,TOR,LAD,Top,85.6,94.1,27,field_out,hit_into_play,0,0
592332,"Gausman, Kevin",2025-10-25,TOR,LAD,Top,94.5,,,,called_strike,0,0
592332,"Gausman, Kevin",2025-10-25,TOR,LAD,Top,85.2,,,strikeout,swinging_strike,0,0
592332,"Gausman, Kevin",2025-10-25,TOR,LAD,Top,86.9,,,,ball,0,0
592332,"Gausman, Kevin",2025-10-25,TOR,LAD,Top,95.4,,,,called_strike,0,0
592332,"Gausman, Kevin",2025-10-25,TOR,LAD,Top,94.5,73.9,26,,foul,0,0
592332,"Gausman, Kevin",2025-10-25,TOR,LAD,Top,82.8,,,strikeout,swinging_strike,0,0
592332,"Gausman, Kevin",2025-10-25,TOR,LAD,Top,84.4,,,,ball,0,0
592332,"Gausman, Kevin",2025-10-25,TOR,LAD,Top,93.0,,,,missed_bunt,0,0
592332,"Gausman, Kevin",2025-10-25,TOR,LAD,Top,84.3,,,,called_strike,0,0
592332,"Gausman, Kevin",2025-10-25,TOR,LAD,Top,84.8,,,,ball,0,0
808967,"Yamamoto, Yoshinobu",2025-10-25,TOR,LAD,Bot,76.6,93.7,-15,field_out,hit_into_play,0,0
808967,"Yamamoto, Yoshinobu",2025-10-25,TOR,LAD,Bot,95.2,,,,ball,0,0
808967,"Yamamoto, Yoshinobu",2025-10-25,TOR,LAD,Bot,96.2,,,,called_strike,0,0
808967,"Yamamoto, Yoshinobu",2025-10-25,TOR,LAD,Bot,76.5,98.6,29,field_out,hit_into_play,1,1
808967,"Yamamoto, Yoshinobu",2025-10-25,TOR,LAD,Bot,75.8,51.4,14,field_out,hit_into_play,0,0
808967,"Yamamoto, Yoshinobu",2025-10-25,TOR,LAD,Bot,92.0,,,,ball,0,0
592332,"Gausman, Kevin",2025-10-25,TOR,LAD,Top,85.5,,,strikeout,called_strike,0,0
592332,"Gausman, Kevin",2025-10-25,TOR,LAD,Top,85.3,,,,swinging_strike,0,0
592332,"Gausman, Kevin",2025-10-25,TOR,LAD,Top,95.3,,,,called_strike,0,0
592332,"Gausman, Kevin",2025-10-25,TOR,LAD,Top,94.2,95.0,45,field_out,hit_into_play,0,1
592332,"Gausman, Kevin",2025-10-25,TOR,LAD,Top,93.6,,,,called_strike,0,0
592332,"Gausman, Kevin",2025-10-25,TOR,LAD,Top,93.6,108.4,36,field_out,hit_into_play,0,1
808967,"Yamamoto, Yoshinobu",2025-10-25,TOR,LAD,Bot,91.2,89.9,-28,field_out,hit_into_play,0,0
808967,"Yamamoto, Yoshinobu",2025-10-25,TOR,LAD,Bot,96.0,,,,ball,0,0
808967,"Yamamoto, Yoshinobu",2025-10-25,TOR,LAD,Bot,88.4,102.1,39,sac_fly,hit_into_play,0,1
808967,"Yamamoto, Yoshinobu",2025-10-25,TOR,LAD,Bot,87.8,,,,ball,0,0
808967,"Yamamoto, Yoshinobu",2025-10-25,TOR,LAD,Bot,95.2,113.9,19,single,hit_into_play,0,1
808967,"Yamamoto, Yoshinobu",2025-10-25,TOR,LAD,Bot,93.7,,,,called_strike,0,0
808967,"Yamamoto, Yoshinobu",2025-10-25,TOR,LAD,Bot,97.1,,,strikeout,swinging_strike,0,0
808967,"Yamamoto, Yoshinobu",2025-10-25,TOR,LAD,Bot,90.8,65.6,20,,foul,0,0
808967,"Yamamoto, Yoshinobu",2025-10-25,TOR,LAD,Bot,91.2,,,,ball,0,0
808967,"Yamamoto, Yoshinobu",2025-10-25,TOR,LAD,Bot,95.9,74.6,31,,foul,0,0
808967,"Yamamoto, Yoshinobu",2025-10-25,TOR,LAD,Bot,95.6,,,,swinging_strike,0,0
808967,"Yamamoto, Yoshinobu",2025-10-25,TOR,LAD,Bot,92.0,,,,called_strike,0,0
808967,"Yamamoto, Yoshinobu",2025-10-25,TOR,LAD,Bot,96.4,,,hit_by_pitch,hit_by_pitch,0,0
592332,"Gausman, Kevin",2025-10-25,TOR,LAD,Top,94.6,95.1,-16,field_out,hit_into_play,0,1
592332,"Gausman, Kevin",2025-10-25,TOR,LAD,Top,95.5,79.0,64,field_out,hit_into_play,0,0
592332,"Gausman, Kevin",2025-10-25,TOR,LAD,Top,85.1,,,,ball,0,0
592332,"Gausman, Kevin",2025-10-25,TOR,LAD,Top,96.3,,,,called_strike,0,0
592332,"Gausman, Kevin",2025-10-25,TOR,LAD,Top,94.8,95.4,-4,field_out,hit_into_play,0,1
592332,"Gausman, Kevin",2025-10-25,TOR,LAD,Top,93.9,,,,called_strike,0,0
592332,"Gausman, Kevin",2025-10-25,TOR,LAD,Top,93.7,,,,ball,0,0
808967,"Yamamoto, Yoshinobu",2025-10-25,TOR,LAD,Bot,91.0,93.7,3,field_out,hit_into_play,0,0
808967,"Yamamoto, Yoshinobu",2025-10-25,TOR,LAD,Bot,75.5,,,,called_strike,0,0
808967,"Yamamoto, Yoshinobu",2025-10-25,TOR,LAD,Bot,76.5,87.9,32,field_out,hit_into_play,0,0
808967,"Yamamoto, Yoshinobu",2025-10-25,TOR,LAD,Bot,97.0,,,strikeout,called_strike,0,0
808967,"Yamamoto, Yoshinobu",2025-10-25,TOR,LAD,Bot,91.6,,,,ball,0,0
808967,"Yamamoto, Yoshinobu",2025-10-25,TOR,LAD,Bot,89.5,,,,called_strike,0,0
808967,"Yamamoto, Yoshinobu",2025-10-25,TOR,LAD,Bot,74.0,,,,ball,0,0
808967,"Yamamoto, Yoshinobu",2025-10-25,TOR,LAD,Bot,90.0,,,,called_strike,0,0
808967,"Yamamoto, Yoshinobu",2025-10-25,TOR,LAD,Bot,89.4,,,,ball,0,0
808967,"Yamamoto, Yoshinobu",2025-10-25,TOR,LAD,Bot,95.8,68.9,79,single,hit_into_play,0,0
592332,"Gausman, Kevin",2025-10-25,TOR,LAD,Top,94.5,,,strikeout,swinging_strike,0,0
592332,"Gausman, Kevin",2025-10-25,TOR,LAD,Top,93.3,70.0,39,,foul,0,0
592332,"Gausman, Kevin",2025-10-25,TOR,LAD,Top,92.7,,,,called_strike,0,0
592332,"Gausman, Kevin",2025-10-25,TOR,LAD,Top,92.8,,,,ball,0,0
592332,"Gausman, Kevin",2025-10-25,TOR,LAD,Top,82.4,,,,ball,0,0
592332,"Gausman, Kevin",2025-10-25,TOR,LAD,Top,93.7,,,,ball,0,0
592332,"Gausman, Kevin",2025-10-25,TOR,LAD,Top,94.4,81.8,67,field_out,hit_into_play,0,0
592332,"Gausman, Kevin",2025-10-25,TOR,LAD,Top,93.1,,,,swinging_strike,0,0
592332,"Gausman, Kevin",2025-10-25,TOR,LAD,Top,84.6,,,,ball,0,0
592332,"Gausman, Kevin",2025-10-25,TOR,LAD,Top,85.0,,,,ball,0,0
592332,"Gausman, Kevin",2025-10-25,TOR,LAD,Top,94.1,,,,called_strike,0,0
592332,"Gausman, Kevin",2025-10-25,TOR,LAD,Top,93.7,91.2,57,field_out,hit_into_play,0,0
592332,"Gausman, Kevin",2025-10-25,TOR,LAD,Top,93.3,,,,called_strike,0,0
808967,"Yamamoto, Yoshinobu",2025-10-25,TOR,LAD,Bot,77.0,,,strikeout,called_strike,0,0
808967,"Yamamoto, Yoshinobu",2025-10-25,TOR,LAD,Bot,96.5,75.5,20,,foul,0,0
808967,"Yamamoto, Yoshinobu",2025-10-25,TOR,LAD,Bot,92.3,,,,called_strike,0,0
808967,"Yamamoto, Yoshinobu",2025-10-25,TOR,LAD,Bot,92.8,,,,blocked_ball,0,0
808967,"Yamamoto, Yoshinobu",2025-10-25,TOR,LAD,Bot,97.9,,,,ball,0,0
808967,"Yamamoto, Yoshinobu",2025-10-25,TOR,LAD,Bot,79.7,,,,ball,0,0
808967,"Yamamoto, Yoshinobu",2025-10-25,TOR,LAD,Bot,92.2,64.8,9,field_out,hit_into_play,0,0
808967,"Yamamoto, Yoshinobu",2025-10-25,TOR,LAD,Bot,92.6,,,,foul,0,0
808967,"Yamamoto, Yoshinobu",2025-10-25,TOR,LAD,Bot,78.8,,,,ball,0,0
808967,"Yamamoto, Yoshinobu",2025-10-25,TOR,LAD,Bot,92.4,,,,ball,0,0
808967,"Yamamoto, Yoshinobu",2025-10-25,TOR,LAD,Bot,80.6,,,strikeout,swinging_strike,0,0
808967,"Yamamoto, Yoshinobu",2025-10-25,TOR,LAD,Bot,92.4,77.4,-38,,foul,0,0
808967,"Yamamoto, Yoshinobu",2025-10-25,TOR,LAD,Bot,92.1,94.2,-31,,foul,0,0
808967,"Yamamoto, Yoshinobu",2025-10-25,TOR,LAD,Bot,92.7,,,,foul_tip,0,0
808967,"Yamamoto, Yoshinobu",2025-10-25,TOR,LAD,Bot,92.6,,,,swinging_strike,0,0
808967,"Yamamoto, Yoshinobu",2025-10-25,TOR,LAD,Bot,96.7,,,,ball,0,0
808967,"Yamamoto, Yoshinobu",2025-10-25,TOR,LAD,Bot,90.8,,,,ball,0,0
808967,"Yamamoto, Yoshinobu",2025-10-25,TOR,LAD,Bot,92.5,70.2,23,single,hit_into_play,0,0
808967,"Yamamoto, Yoshinobu",2025-10-25,TOR,LAD,Bot,96.8,106.0,17,double,hit_into_play,0,1
808967,"Yamamoto, Yoshinobu",2025-10-25,TOR,LAD,Bot,92.7,,,,foul,0,0
808967,"Yamamoto, Yoshinobu",2025-10-25,TOR,LAD,Bot,96.7,74.5,62,,foul,0,0
808967,"Yamamoto, Yoshinobu",2025-10-25,TOR,LAD,Bot,78.6,,,,swinging_strike,0,0
808967,"Yamamoto, Yoshinobu",2025-10-25,TOR,LAD,Bot,91.8,,,,swinging_strike,0,0
592332,"Gausman, Kevin",2025-10-25,TOR,LAD,Top,86.4,,,strikeout,swinging_strike_blocked,0,0
592332,"Gausman, Kevin",2025-10-25,TOR,LAD,Top,84.1,,,,foul,0,0
592332,"Gausman, Kevin",2025-10-25,TOR,LAD,Top,83.9,,,,swinging_strike,0,0
592332,"Gausman, Kevin",2025-10-25,TOR,LAD,Top,84.9,,,,ball,0,0
592332,"Gausman, Kevin",2025-10-25,TOR,LAD,Top,85.3,89.7,8,single,hit_into_play,0,0
592332,"Gausman, Kevin",2025-10-25,TOR,LAD,Top,94.9,89.3,48,,foul,0,0
592332,"Gausman, Kevin",2025-10-25,TOR,LAD,Top,83.6,88.7,18,double,hit_into_play,0,0
592332,"Gausman, Kevin",2025-10-25,TOR,LAD,Top,95.6,70.4,45,,foul,0,0
592332,"Gausman, Kevin",2025-10-25,TOR,LAD,Top,94.1,82.5,57,,foul,0,0
592332,"Gausman, Kevin",2025-10-25,TOR,LAD,Top,84.1,76.7,52,,foul,0,0
592332,"Gausman, Kevin",2025-10-25,TOR,LAD,Top,84.2,,,,swinging_strike,0,0
592332,"Gausman, Kevin",2025-10-25,TOR,LAD,Top,94.4,,,,called_strike,0,0
592332,"Gausman, Kevin",2025-10-25,TOR,LAD,Top,84.1,,,,ball,0,0
592332,"Gausman, Kevin",2025-10-25,TOR,LAD,Top,84.0,,,,ball,0,0
592332,"Gausman, Kevin",2025-10-25,TOR,LAD,Top,95.9,92.2,39,field_out,hit_into_play,0,0
592332,"Gausman, Kevin",2025-10-25,TOR,LAD,Top,85.2,,,,ball,0,0
592332,"Gausman, Kevin",2025-10-25,TOR,LAD,Top,85.4,,,,called_strike,0,0
592332,"Gausman, Kevin",2025-10-25,TOR,LAD,Top,94.2,,,,called_strike,0,0
592332,"Gausman, Kevin",2025-10-25,TOR,LAD,Top,95.2,,,,ball,0,0
592332,"Gausman, Kevin",2025-10-25,TOR,LAD,Top,96.2,98.2,33,field_out,hit_into_play,0,1
592332,"Gausman, Kevin",2025-10-25,TOR,LAD,Top,95.2,,,,called_strike,0,0
592332,"Gausman, Kevin",2025-10-25,TOR,LAD,Top,94.9,,,,called_strike,0,0
641778,"Lauer, Eric",2025-10-24,TOR,LAD,Top,89.1,,,strikeout,swinging_strike,0,0
641778,"Lauer, Eric",2025-10-24,TOR,LAD,Top,94.0,75.8,74,,foul,0,0
641778,"Lauer, Eric",2025-10-24,TOR,LAD,Top,75.8,82.8,27,,foul,0,0
641778,"Lauer, Eric",2025-10-24,TOR,LAD,Top,93.5,,,,ball,0,0
641778,"Lauer, Eric",2025-10-24,TOR,LAD,Top,89.0,82.1,79,,foul,0,0
641778,"Lauer, Eric",2025-10-24,TOR,LAD,Top,92.9,,,,ball,0,0
641778,"Lauer, Eric",2025-10-24,TOR,LAD,Top,93.0,,,,called_strike,0,0
641778,"Lauer, Eric",2025-10-24,TOR,LAD,Top,93.5,,,walk,ball,0,0
641778,"Lauer, Eric",2025-10-24,TOR,LAD,Top,75.6,,,,ball,0,0
641778,"Lauer, Eric",2025-10-24,TOR,LAD,Top,85.1,,,,ball,0,0
641778,"Lauer, Eric",2025-10-24,TOR,LAD,Top,84.4,,,,ball,0,0
641778,"Lauer, Eric",2025-10-24,TOR,LAD,Top,93.0,,,,swinging_strike,0,0
641778,"Lauer, Eric",2025-10-24,TOR,LAD,Top,92.3,91.5,18,field_out,hit_into_play,0,0
641778,"Lauer, Eric",2025-10-24,TOR,LAD,Top,88.1,,,,ball,0,0
641778,"Lauer, Eric",2025-10-24,TOR,LAD,Top,92.6,,,,ball,0,0
641778,"Lauer, Eric",2025-10-24,TOR,LAD,Top,76.0,,,,called_strike,0,0
641778,"Lauer, Eric",2025-10-24,TOR,LAD,Top,92.1,69.9,89,field_out,hit_into_play,0,0
694361,"Klein, Will",2025-10-24,TOR,LAD,Bot,89.0,73.0,31,field_out,hit_into_play,0,0
694361,"Klein, Will",2025-10-24,TOR,LAD,Bot,98.6,,,,foul,0,0
694361,"Klein, Will",2025-10-24,TOR,LAD,Bot,98.7,89.0,9,,foul,0,0
694361,"Klein, Will",2025-10-24,TOR,LAD,Bot,89.3,95.1,29,field_out,hit_into_play,0,1
694361,"Klein, Will",2025-10-24,TOR,LAD,Bot,90.5,,,,blocked_ball,0,0
694361,"Klein, Will",2025-10-24,TOR,LAD,Bot,99.1,,,,foul,0,0
694361,"Klein, Will",2025-10-24,TOR,LAD,Bot,98.6,,,,called_strike,0,0
694361,"Klein, Will",2025-10-24,TOR,LAD,Bot,86.7,110.8,0,single,hit_into_play,0,1
694361,"Klein, Will",2025-10-24,TOR,LAD,Bot,99.9,,,,called_strike,0,0
694361,"Klein, Will",2025-10-24,TOR,LAD,Bot,99.9,78.9,44,field_out,hit_into_play,0,0
694361,"Klein, Will",2025-10-24,TOR,LAD,Bot,89.7,88.9,35,,foul,0,0
694361,"Klein, Will",2025-10-24,TOR,LAD,Bot,90.2,,,,swinging_strike,0,0
694361,"Klein, Will",2025-10-24,TOR,LAD,Bot,92.4,,,,ball,0,0
694361,"Klein, Will",2025-10-24,TOR,LAD,Bot,99.5,77.3,27,,foul,0,0
605135,"Bassitt, Chris",2025-10-24,TOR,LAD,Top,93.5,,,strikeout,swinging_strike,0,0
605135,"Bassitt, Chris",2025-10-24,TOR,LAD,Top,91.8,69.7,-38,,foul,0,0
605135,"Bassitt, Chris",2025-10-24,TOR,LAD,Top,73.1,,,,ball,0,0
605135,"Bassitt, Chris",2025-10-24,TOR,LAD,Top,92.6,,,,called_strike,0,0
605135,"Bassitt, Chris",2025-10-24,TOR,LAD,Top,72.1,,,strikeout,swinging_strike,0,0
605135,"Bassitt, Chris",2025-10-24,TOR,LAD,Top,72.6,,,,ball,0,0
605135,"Bassitt, Chris",2025-10-24,TOR,LAD,Top,93.1,75.2,23,,foul,0,0
605135,"Bassitt, Chris",2025-10-24,TOR,LAD,Top,93.6,,,,called_strike,0,0
605135,"Bassitt, Chris",2025-10-24,TOR,LAD,Top,86.5,,,,ball,0,0
605135,"Bassitt, Chris",2025-10-24,TOR,LAD,Top,93.0,,,,called_strike,0,0
605135,"Bassitt, Chris",2025-10-24,TOR,LAD,Top,93.0,,,walk,blocked_ball,0,0
605135,"Bassitt, Chris",2025-10-24,TOR,LAD,Top,93.8,,,,ball,0,0
605135,"Bassitt, Chris",2025-10-24,TOR,LAD,Top,73.0,,,,ball,0,0
605135,"Bassitt, Chris",2025-10-24,TOR,LAD,Top,72.6,75.3,84,,foul,0,0
605135,"Bassitt, Chris",2025-10-24,TOR,LAD,Top,91.2,,,,ball,0,0
605135,"Bassitt, Chris",2025-10-24,TOR,LAD,Top,90.9,,,,swinging_strike,0,0
605135,"Bassitt, Chris",2025-10-24,TOR,LAD,Top,73.6,,,,called_strike,0,0
605135,"Bassitt, Chris",2025-10-24,TOR,LAD,Top,92.5,78.6,-64,field_out,hit_into_play,0,0
605135,"Bassitt, Chris",2025-10-24,TOR,LAD,Top,93.3,,,,ball,0,0
605135,"Bassitt, Chris",2025-10-24,TOR,LAD,Top,71.8,55.1,53,,foul,0,0
605135,"Bassitt, Chris",2025-10-24,TOR,LAD,Top,93.8,,,,called_strike,0,0
680736,"Wrobleski, Justin",2025-10-24,TOR,LAD,Bot,96.1,92.2,-8,field_out,hit_into_play,0,0
680736,"Wrobleski, Justin",2025-10-24,TOR,LAD,Bot,96.5,79.4,18,,foul,0,0
680736,"Wrobleski, Justin",2025-10-24,TOR,LAD,Bot,96.3,78.8,19,,foul,0,0
680736,"Wrobleski, Justin",2025-10-24,TOR,LAD,Bot,94.9,73.9,51,,foul,0,0
680736,"Wrobleski, Justin",2025-10-24,TOR,LAD,Bot,95.4,,,,called_strike,0,0
680736,"Wrobleski, Justin",2025-10-24,TOR,LAD,Bot,94.9,,,,ball,0,0
680736,"Wrobleski, Justin",2025-10-24,TOR,LAD,Bot,94.9,,,,ball,0,0
680736,"Wrobleski, Justin",2025-10-24,TOR,LAD,Bot,95.5,,,,ball,0,0
680736,"Wrobleski, Justin",2025-10-24,TOR,LAD,Bot,96.9,76.7,-51,field_out,hit_into_play,0,0
680736,"Wrobleski, Justin",2025-10-24,TOR,LAD,Bot,96.3,82.0,13,,foul,0,0
680736,"Wrobleski, Justin",2025-10-24,TOR,LAD,Bot,87.7,96.2,30,field_out,hit_into_play,0,1
680736,"Wrobleski, Justin",2025-10-24,TOR,LAD,Bot,96.0,68.2,64,,foul,0,0
680736,"Wrobleski, Justin",2025-10-24,TOR,LAD,Bot,96.5,,,,foul_tip,0,0
680736,"Wrobleski, Justin",2025-10-24,TOR,LAD,Bot,94.9,,,,called_strike,0,0
680755,"Fisher, Braydon",2025-10-24,TOR,LAD,Top,93.3,93.5,46,field_out,hit_into_play,0,0
680755,"Fisher, Braydon",2025-10-24,TOR,LAD,Top,89.6,,,,ball,0,0
680755,"Fisher, Braydon",2025-10-24,TOR,LAD,Top,96.6,75.1,45,,foul,0,0
680755,"Fisher, Braydon",2025-10-24,TOR,LAD,Top,84.2,,,,swinging_strike,0,0
680755,"Fisher, Braydon",2025-10-24,TOR,LAD,Top,92.8,,,,foul_tip,0,0
680755,"Fisher, Braydon",2025-10-24,TOR,LAD,Top,88.9,,,strikeout,swinging_strike,0,0
680755,"Fisher, Braydon",2025-10-24,TOR,LAD,Top,90.3,,,,ball,0,0
680755,"Fisher, Braydon",2025-10-24,TOR,LAD,Top,89.2,,,,called_strike,0,0
680755,"Fisher, Braydon",2025-10-24,TOR,LAD,Top,89.8,,,,called_strike,0,0
680755,"Fisher, Braydon",2025-10-24,TOR,LAD,Top,85.0,103.7,41,home_run,hit_into_play,0,1
680755,"Fisher, Braydon",2025-10-24,TOR,LAD,Top,88.4,116.2,17,,foul,0,1
680755,"Fisher, Braydon",2025-10-24,TOR,LAD,Top,86.8,,,,called_strike,0,0
680755,"Fisher, Braydon",2025-10-24,TOR,LAD,Top,93.7,,,,ball,0,0
680755,"Fisher, Braydon",2025-10-24,TOR,LAD,Top,82.5,,,,called_strike,0,0
680755,"Fisher, Braydon",2025-10-24,TOR,LAD,Top,89.8,,,strikeout,called_strike,0,0
680755,"Fisher, Braydon",2025-10-24,TOR,LAD,Top,83.5,,,,ball,0,0
680755,"Fisher, Braydon",2025-10-24,TOR,LAD,Top,88.7,80.7,50,,foul,0,0
680755,"Fisher, Braydon",2025-10-24,TOR,LAD,Top,88.6,,,,ball,0,0
680755,"Fisher, Braydon",2025-10-24,TOR,LAD,Top,89.7,,,,called_strike,0,0
680755,"Fisher, Braydon",2025-10-24,TOR,LAD,Top,96.9,,,walk,ball,0,0
680755,"Fisher, Braydon",2025-10-24,TOR,LAD,Top,89.3,,,,ball,0,0
680755,"Fisher, Braydon",2025-10-24,TOR,LAD,Top,96.0,,,,ball,0,0
680755,"Fisher, Braydon",2025-10-24,TOR,LAD,Top,96.9,,,,ball,0,0
607455,"Banda, Anthony",2025-10-24,TOR,LAD,Bot,95.8,90.5,59,field_out,hit_into_play,0,0
607455,"Banda, Anthony",2025-10-24,TOR,LAD,Bot,84.9,,,,ball,0,0
607455,"Banda, Anthony",2025-10-24,TOR,LAD,Bot,93.3,102.3,29,home_run,hit_into_play,1,1
607455,"Banda, Anthony",2025-10-24,TOR,LAD,Bot,92.6,,,,ball,0,0
607455,"Banda, Anthony",2025-10-24,TOR,LAD,Bot,85.2,99.5,45,field_out,hit_into_play,0,1
607455,"Banda, Anthony",2025-10-24,TOR,LAD,Bot,86.5,,,,ball,0,0
607455,"Banda, Anthony",2025-10-24,TOR,LAD,Bot,96.3,,,,swinging_strike,0,0
607455,"Banda, Anthony",2025-10-24,TOR,LAD,Bot,96.1,72.6,29,single,hit_into_play,0,0
607455,"Banda, Anthony",2025-10-24,TOR,LAD,Bot,84.5,106.2,31,home_run,hit_into_play,0,1
607455,"Banda, Anthony",2025-10-24,TOR,LAD,Bot,85.6,,,,ball,0,0
607455,"Banda, Anthony",2025-10-24,TOR,LAD,Bot,95.8,79.8,12,,foul,0,0
607455,"Banda, Anthony",2025-10-24,TOR,LAD,Bot,84.0,,,,ball,0,0
686218,"Sheehan, Emmet",2025-10-24,TOR,LAD,Bot,87.9,91.6,-16,force_out,hit_into_play,0,0
686218,"Sheehan, Emmet",2025-10-24,TOR,LAD,Bot,84.9,102.4,9,single,hit_into_play,0,1
686218,"Sheehan, Emmet",2025-10-24,TOR,LAD,Bot,95.9,,,,ball,0,0
686218,"Sheehan, Emmet",2025-10-24,TOR,LAD,Bot,89.2,70.6,-19,,foul,0,0
686218,"Sheehan, Emmet",2025-10-24,TOR,LAD,Bot,90.0,82.9,-18,,foul,0,0
686218,"Sheehan, Emmet",2025-10-24,TOR,LAD,Bot,96.4,,,walk,ball,0,0
686218,"Sheehan, Emmet",2025-10-24,TOR,LAD,Bot,96.6,73.7,72,,foul,0,0
686218,"Sheehan, Emmet",2025-10-24,TOR,LAD,Bot,96.2,,,,ball,0,0
686218,"Sheehan, Emmet",2025-10-24,TOR,LAD,Bot,96.4,75.1,62,,foul,0,0
686218,"Sheehan, Emmet",2025-10-24,TOR,LAD,Bot,88.6,,,,ball,0,0
686218,"Sheehan, Emmet",2025-10-24,TOR,LAD,Bot,96.2,,,,ball,0,0
686218,"Sheehan, Emmet",2025-10-24,TOR,LAD,Bot,88.6,90.2,-18,,foul,0,0
686218,"Sheehan, Emmet",2025-10-24,TOR,LAD,Bot,96.9,,,,foul_tip,0,0
686218,"Sheehan, Emmet",2025-10-24,TOR,LAD,Bot,87.1,,,,swinging_strike,0,0
686218,"Sheehan, Emmet",2025-10-24,TOR,LAD,Bot,89.1,96.3,7,single,hit_into_play,0,1
686218,"Sheehan, Emmet",2025-10-24,TOR,LAD,Bot,88.1,83.6,-46,,foul,0,0
605483,"Snell, Blake",2025-10-24,TOR,LAD,Bot,95.9,,,hit_by_pitch,hit_by_pitch,0,0
605483,"Snell, Blake",2025-10-24,TOR,LAD,Bot,81.1,96.0,28,,foul,0,1
605483,"Snell, Blake",2025-10-24,TOR,LAD,Bot,90.6,63.5,-56,,foul,0,0
605483,"Snell, Blake",2025-10-24,TOR,LAD,Bot,87.9,,,,blocked_ball,0,0
605483,"Snell, Blake",2025-10-24,TOR,LAD,Bot,95.7,71.1,29,,foul,0,0
605483,"Snell, Blake",2025-10-24,TOR,LAD,Bot,90.6,,,,swinging_strike,0,0
605483,"Snell, Blake",2025-10-24,TOR,LAD,Bot,79.9,,,,foul,0,0
605483,"Snell, Blake",2025-10-24,TOR,LAD,Bot,95.6,,,,ball,0,0
605483,"Snell, Blake",2025-10-24,TOR,LAD,Bot,82.1,,,,blocked_ball,0,0
605483,"Snell, Blake",2025-10-24,TOR,LAD,Bot,90.0,99.0,-12,single,hit_into_play,0,1
605483,"Snell, Blake",2025-10-24,TOR,LAD,Bot,96.4,,,walk,ball,0,0
605483,"Snell, Blake",2025-10-24,TOR,LAD,Bot,87.2,76.3,41,,foul,0,0
605483,"Snell, Blake",2025-10-24,TOR,LAD,Bot,94.3,,,,called_strike,0,0
605483,"Snell, Blake",2025-10-24,TOR,LAD,Bot,87.3,,,,ball,0,0
605483,"Snell, Blake",2025-10-24,TOR,LAD,Bot,87.0,,,,ball,0,0
605483,"Snell, Blake",2025-10-24,TOR,LAD,Bot,84.4,,,,ball,0,0
622554,"Domínguez, Seranthony",2025-10-24,TOR,LAD,Top,85.6,,,strikeout,swinging_strike,0,0
622554,"Domínguez, Seranthony",2025-10-24,TOR,LAD,Top,97.6,,,,swinging_strike,0,0
622554,"Domínguez, Seranthony",2025-10-24,TOR,LAD,Top,98.0,,,,ball,0,0
622554,"Domínguez, Seranthony",2025-10-24,TOR,LAD,Top,98.3,,,,foul_tip,0,0
622554,"Domínguez, Seranthony",2025-10-24,TOR,LAD,Top,98.5,86.8,69,field_out,hit_into_play,0,0
622554,"Domínguez, Seranthony",2025-10-24,TOR,LAD,Top,97.7,,,,ball,0,0
622554,"Domínguez, Seranthony",2025-10-24,TOR,LAD,Top,98.8,,,,ball,0,0
622554,"Domínguez, Seranthony",2025-10-24,TOR,LAD,Top,98.5,,,strikeout,called_strike,0,0
622554,"Domínguez, Seranthony",2025-10-24,TOR,LAD,Top,97.4,,,,swinging_strike,0,0
622554,"Domínguez, Seranthony",2025-10-24,TOR,LAD,Top,97.5,,,,ball,0,0
622554,"Domínguez, Seranthony",2025-10-24,TOR,LAD,Top,85.5,,,,ball,0,0
622554,"Domínguez, Seranthony",2025-10-24,TOR,LAD,Top,86.2,,,,foul,0,0
605483,"Snell, Blake",2025-10-24,TOR,LAD,Bot,89.0,63.7,15,field_out,hit_into_play,0,0
605483,"Snell, Blake",2025-10-24,TOR,LAD,Bot,95.9,,,,called_strike,0,0
605483,"Snell, Blake",2025-10-24,TOR,LAD,Bot,90.5,,,,swinging_strike,0,0
605483,"Snell, Blake",2025-10-24,TOR,LAD,Bot,85.5,65.2,-14,grounded_into_double_play,hit_into_play,0,0
605483,"Snell, Blake",2025-10-24,TOR,LAD,Bot,84.3,,,,foul,0,0
605483,"Snell, Blake",2025-10-24,TOR,LAD,Bot,79.5,,,,called_strike,0,0
605483,"Snell, Blake",2025-10-24,TOR,LAD,Bot,81.1,,,,blocked_ball,0,0
605483,"Snell, Blake",2025-10-24,TOR,LAD,Bot,85.8,,,,called_strike,0,0
605483,"Snell, Blake",2025-10-24,TOR,LAD,Bot,80.4,,,,blocked_ball,0,0
605483,"Snell, Blake",2025-10-24,TOR,LAD,Bot,87.9,80.7,20,single,hit_into_play,0,0
605483,"Snell, Blake",2025-10-24,TOR,LAD,Bot,87.6,,,,ball,0,0
622554,"Domínguez, Seranthony",2025-10-24,TOR,LAD,Top,95.7,90.9,47,field_out,hit_into_play,0,0
689254,"Fluharty, Mason",2025-10-24,TOR,LAD,Top,81.6,98.4,26,field_out,hit_into_play,1,1
689254,"Fluharty, Mason",2025-10-24,TOR,LAD,Top,81.8,74.0,40,,foul,0,0
689254,"Fluharty, Mason",2025-10-24,TOR,LAD,Top,90.8,84.4,70,,foul,0,0
689254,"Fluharty, Mason",2025-10-24,TOR,LAD,Top,81.1,,,,foul,0,0
689254,"Fluharty, Mason",2025-10-24,TOR,LAD,Top,89.5,,,,foul,0,0
689254,"Fluharty, Mason",2025-10-24,TOR,LAD,Top,80.5,,,,called_strike,0,0
689254,"Fluharty, Mason",2025-10-24,TOR,LAD,Top,90.4,,,,ball,0,0
689254,"Fluharty, Mason",2025-10-24,TOR,LAD,Top,90.3,99.2,6,single,hit_into_play,0,1
689254,"Fluharty, Mason",2025-10-24,TOR,LAD,Top,89.1,,,,called_strike,0,0
689254,"Fluharty, Mason",2025-10-24,TOR,LAD,Top,89.2,,,,called_strike,0,0
689254,"Fluharty, Mason",2025-10-24,TOR,LAD,Top,79.6,,,,ball,0,0
689254,"Fluharty, Mason",2025-10-24,TOR,LAD,Top,81.6,,,,ball,0,0
689254,"Fluharty, Mason",2025-10-24,TOR,LAD,Top,81.4,,,strikeout,called_strike,0,0
689254,"Fluharty, Mason",2025-10-24,TOR,LAD,Top,83.1,,,,ball,0,0
689254,"Fluharty, Mason",2025-10-24,TOR,LAD,Top,83.9,,,,ball,0,0
689254,"Fluharty, Mason",2025-10-24,TOR,LAD,Top,82.1,,,,swinging_strike,0,0
689254,"Fluharty, Mason",2025-10-24,TOR,LAD,Top,89.8,,,,called_strike,0,0
605483,"Snell, Blake",2025-10-24,TOR,LAD,Bot,91.2,,,strikeout,called_strike,0,0
605483,"Snell, Blake",2025-10-24,TOR,LAD,Bot,90.1,,,,ball,0,0
605483,"Snell, Blake",2025-10-24,TOR,LAD,Bot,89.3,,,,swinging_strike,0,0
605483,"Snell, Blake",2025-10-24,TOR,LAD,Bot,90.4,,,,foul,0,0
605483,"Snell, Blake",2025-10-24,TOR,LAD,Bot,81.5,,,,ball,0,0
605483,"Snell, Blake",2025-10-24,TOR,LAD,Bot,85.8,81.5,26,field_out,hit_into_play,0,0
605483,"Snell, Blake",2025-10-24,TOR,LAD,Bot,96.0,77.9,15,,foul,0,0
605483,"Snell, Blake",2025-10-24,TOR,LAD,Bot,87.0,85.7,52,field_out,hit_into_play,0,0
605483,"Snell, Blake",2025-10-24,TOR,LAD,Bot,96.1,109.0,25,home_run,hit_into_play,0,1
605483,"Snell, Blake",2025-10-24,TOR,LAD,Bot,81.6,97.9,23,single,hit_into_play,0,1
605483,"Snell, Blake",2025-10-24,TOR,LAD,Bot,83.0,,,,ball,0,0
605483,"Snell, Blake",2025-10-24,TOR,LAD,Bot,95.8,62.7,49,,foul,0,0
605483,"Snell, Blake",2025-10-24,TOR,LAD,Bot,95.7,97.3,23,,foul,0,1
605483,"Snell, Blake",2025-10-24,TOR,LAD,Bot,79.3,,,,ball,0,0
605483,"Snell, Blake",2025-10-24,TOR,LAD,Bot,94.7,78.6,49,,foul,0,0
605483,"Snell, Blake",2025-10-24,TOR,LAD,Bot,83.7,56.3,-43,,foul,0,0
605483,"Snell, Blake",2025-10-24,TOR,LAD,Bot,79.5,,,,called_strike,0,0
702056,"Yesavage, Trey",2025-10-24,TOR,LAD,Top,88.3,100.1,33,field_out,hit_into_play,0,1
702056,"Yesavage, Trey",2025-10-24,TOR,LAD,Top,88.6,,,strikeout,swinging_strike_blocked,0,0
702056,"Yesavage, Trey",2025-10-24,TOR,LAD,Top,81.5,62.0,43,,foul,0,0
702056,"Yesavage, Trey",2025-10-24,TOR,LAD,Top,93.5,91.5,65,,foul,0,0
702056,"Yesavage, Trey",2025-10-24,TOR,LAD,Top,92.1,80.7,85,,foul,0,0
702056,"Yesavage, Trey",2025-10-24,TOR,LAD,Top,92.6,,,,ball,0,0
702056,"Yesavage, Trey",2025-10-24,TOR,LAD,Top,88.2,,,strikeout,swinging_strike,0,0
702056,"Yesavage, Trey",2025-10-24,TOR,LAD,Top,93.3,81.0,65,,foul,0,0
702056,"Yesavage, Trey",2025-10-24,TOR,LAD,Top,92.4,,,,foul_tip,0,0
605483,"Snell, Blake",2025-10-24,TOR,LAD,Bot,86.4,67.9,-3,grounded_into_double_play,hit_into_play,0,0
605483,"Snell, Blake",2025-10-24,TOR,LAD,Bot,96.7,,,,swinging_strike,0,0
605483,"Snell, Blake",2025-10-24,TOR,LAD,Bot,86.2,101.9,2,single,hit_into_play,0,1
605483,"Snell, Blake",2025-10-24,TOR,LAD,Bot,96.2,,,,ball,0,0
605483,"Snell, Blake",2025-10-24,TOR,LAD,Bot,90.7,,,,ball,0,0
605483,"Snell, Blake",2025-10-24,TOR,LAD,Bot,94.7,64.1,58,,foul,0,0
605483,"Snell, Blake",2025-10-24,TOR,LAD,Bot,86.7,,,,called_strike,0,0
605483,"Snell, Blake",2025-10-24,TOR,LAD,Bot,95.9,,,,ball,0,0
605483,"Snell, Blake",2025-10-24,TOR,LAD,Bot,87.4,,,strikeout,swinging_strike,0,0
605483,"Snell, Blake",2025-10-24,TOR,LAD,Bot,83.4,,,,ball,0,0
605483,"Snell, Blake",2025-10-24,TOR,LAD,Bot,86.5,,,,swinging_strike,0,0
605483,"Snell, Blake",2025-10-24,TOR,LAD,Bot,85.4,,,,ball,0,0
605483,"Snell, Blake",2025-10-24,TOR,LAD,Bot,94.4,,,,ball,0,0
605483,"Snell, Blake",2025-10-24,TOR,LAD,Bot,78.4,,,,called_strike,0,0
702056,"Yesavage, Trey",2025-10-24,TOR,LAD,Top,82.0,,,strikeout,swinging_strike,0,0
702056,"Yesavage, Trey",2025-10-24,TOR,LAD,Top,87.0,,,,ball,0,0
702056,"Yesavage, Trey",2025-10-24,TOR,LAD,Top,87.6,,,,swinging_strike,0,0
702056,"Yesavage, Trey",2025-10-24,TOR,LAD,Top,81.4,,,,called_strike,0,0
702056,"Yesavage, Trey",2025-10-24,TOR,LAD,Top,94.3,,,,blocked_ball,0,0
702056,"Yesavage, Trey",2025-10-24,TOR,LAD,Top,94.1,99.7,-4,field_out,hit_into_play,0,1
702056,"Yesavage, Trey",2025-10-24,TOR,LAD,Top,88.0,,,,ball,0,0
702056,"Yesavage, Trey",2025-10-24,TOR,LAD,Top,87.2,,,,swinging_strike,0,0
702056,"Yesavage, Trey",2025-10-24,TOR,LAD,Top,82.0,,,,ball,0,0
702056,"Yesavage, Trey",2025-10-24,TOR,LAD,Top,93.8,,,,ball,0,0
702056,"Yesavage, Trey",2025-10-24,TOR,LAD,Top,87.8,,,,foul,0,0
702056,"Yesavage, Trey",2025-10-24,TOR,LAD,Top,94.0,96.2,-4,single,hit_into_play,0,1
702056,"Yesavage, Trey",2025-10-24,TOR,LAD,Top,87.9,,,,ball,0,0
702056,"Yesavage, Trey",2025-10-24,TOR,LAD,Top,94.3,,,,ball,0,0
702056,"Yesavage, Trey",2025-10-24,TOR,LAD,Top,88.4,,,,ball,0,0
702056,"Yesavage, Trey",2025-10-24,TOR,LAD,Top,93.8,,,,swinging_strike,0,0
702056,"Yesavage, Trey",2025-10-24,TOR,LAD,Top,94.0,,,,called_strike,0,0
702056,"Yesavage, Trey",2025-10-24,TOR,LAD,Top,94.7,,,walk,ball,0,0
702056,"Yesavage, Trey",2025-10-24,TOR,LAD,Top,93.9,,,,ball,0,0
702056,"Yesavage, Trey",2025-10-24,TOR,LAD,Top,88.1,,,,blocked_ball,0,0
702056,"Yesavage, Trey",2025-10-24,TOR,LAD,Top,94.3,,,,ball,0,0
702056,"Yesavage, Trey",2025-10-24,TOR,LAD,Top,93.4,71.1,27,,foul,0,0
702056,"Yesavage, Trey",2025-10-24,TOR,LAD,Top,93.5,,,walk,ball,0,0
702056,"Yesavage, Trey",2025-10-24,TOR,LAD,Top,87.9,,,,ball,0,0
702056,"Yesavage, Trey",2025-10-24,TOR,LAD,Top,93.1,,,,ball,0,0
702056,"Yesavage, Trey",2025-10-24,TOR,LAD,Top,93.1,,,,called_strike,0,0
702056,"Yesavage, Trey",2025-10-24,TOR,LAD,Top,93.4,,,,ball,0,0
605483,"Snell, Blake",2025-10-24,TOR,LAD,Bot,87.0,47.4,-29,single,hit_into_play,0,0
605483,"Snell, Blake",2025-10-24,TOR,LAD,Bot,95.7,,,strikeout,foul_tip,0,0
605483,"Snell, Blake",2025-10-24,TOR,LAD,Bot,89.4,83.8,-30,,foul,0,0
605483,"Snell, Blake",2025-10-24,TOR,LAD,Bot,89.5,,,,swinging_strike,0,0
605483,"Snell, Blake",2025-10-24,TOR,LAD,Bot,90.8,,,,ball,0,0
605483,"Snell, Blake",2025-10-24,TOR,LAD,Bot,79.7,,,,blocked_ball,0,0
605483,"Snell, Blake",2025-10-24,TOR,LAD,Bot,83.2,,,strikeout,foul_tip,0,0
605483,"Snell, Blake",2025-10-24,TOR,LAD,Bot,95.2,70.5,46,,foul,0,0
605483,"Snell, Blake",2025-10-24,TOR,LAD,Bot,95.1,,,,ball,0,0
605483,"Snell, Blake",2025-10-24,TOR,LAD,Bot,94.2,,,,called_strike,0,0
605483,"Snell, Blake",2025-10-24,TOR,LAD,Bot,81.1,68.3,24,single,hit_into_play,0,0
605483,"Snell, Blake",2025-10-24,TOR,LAD,Bot,94.7,77.6,21,,foul,0,0
605483,"Snell, Blake",2025-10-24,TOR,LAD,Bot,86.8,,,,called_strike,0,0
702056,"Yesavage, Trey",2025-10-24,TOR,LAD,Top,88.2,77.6,-8,field_out,hit_into_play,0,0
702056,"Yesavage, Trey",2025-10-24,TOR,LAD,Top,82.5,,,,ball,0,0
702056,"Yesavage, Trey",2025-10-24,TOR,LAD,Top,89.0,,,,ball,0,0
702056,"Yesavage, Trey",2025-10-24,TOR,LAD,Top,94.5,,,,swinging_strike,0,0
702056,"Yesavage, Trey",2025-10-24,TOR,LAD,Top,89.0,,,strikeout,swinging_strike,0,0
702056,"Yesavage, Trey",2025-10-24,TOR,LAD,Top,94.5,,,,ball,0,0
702056,"Yesavage, Trey",2025-10-24,TOR,LAD,Top,82.5,,,,ball,0,0
702056,"Yesavage, Trey",2025-10-24,TOR,LAD,Top,84.8,,,,blocked_ball,0,0
702056,"Yesavage, Trey",2025-10-24,TOR,LAD,Top,89.0,65.5,25,,foul,0,0
702056,"Yesavage, Trey",2025-10-24,TOR,LAD,Top,88.7,,,,called_strike,0,0
702056,"Yesavage, Trey",2025-10-24,TOR,LAD,Top,88.2,,,single,hit_into_play,0,0
702056,"Yesavage, Trey",2025-10-24,TOR,LAD,Top,83.8,,,,blocked_ball,0,0
702056,"Yesavage, Trey",2025-10-24,TOR,LAD,Top,94.5,,,,swinging_strike,0,0
702056,"Yesavage, Trey",2025-10-24,TOR,LAD,Top,93.9,,,,swinging_strike,0,0
702056,"Yesavage, Trey",2025-10-24,TOR,LAD,Top,94.5,,,,ball,0,0
702056,"Yesavage, Trey",2025-10-24,TOR,LAD,Top,88.7,101.1,8,single,hit_into_play,0,1
702056,"Yesavage, Trey",2025-10-24,TOR,LAD,Top,93.0,,,,swinging_strike,0,0
702056,"Yesavage, Trey",2025-10-24,TOR,LAD,Top,94.7,,,,ball,0,0
702056,"Yesavage, Trey",2025-10-24,TOR,LAD,Top,89.0,79.8,20,single,hit_into_play,0,0
702056,"Yesavage, Trey",2025-10-24,TOR,LAD,Top,88.1,,,,called_strike,0,0
702056,"Yesavage, Trey",2025-10-24,TOR,LAD,Top,89.0,91.7,-25,force_out,hit_into_play,0,0
702056,"Yesavage, Trey",2025-10-24,TOR,LAD,Top,88.6,,,,called_strike,0,0
702056,"Yesavage, Trey",2025-10-24,TOR,LAD,Top,87.7,,,,called_strike,0,0
702056,"Yesavage, Trey",2025-10-24,TOR,LAD,Top,87.5,,,,blocked_ball,0,0
702056,"Yesavage, Trey",2025-10-24,TOR,LAD,Top,92.6,,,walk,ball,0,0
702056,"Yesavage, Trey",2025-10-24,TOR,LAD,Top,93.2,,,,ball,0,0
702056,"Yesavage, Trey",2025-10-24,TOR,LAD,Top,93.3,,,,called_strike,0,0
702056,"Yesavage, Trey",2025-10-24,TOR,LAD,Top,88.2,,,,ball,0,0
702056,"Yesavage, Trey",2025-10-24,TOR,LAD,Top,93.8,,,,ball,0,0
605483,"Snell, Blake",2025-10-24,TOR,LAD,Bot,82.9,96.3,49,field_out,hit_into_play,0,1
605483,"Snell, Blake",2025-10-24,TOR,LAD,Bot,89.9,,,,swinging_strike,0,0
605483,"Snell, Blake",2025-10-24,TOR,LAD,Bot,83.1,,,,called_strike,0,0
605483,"Snell, Blake",2025-10-24,TOR,LAD,Bot,82.2,,,,ball,0,0
605483,"Snell, Blake",2025-10-24,TOR,LAD,Bot,81.9,,,walk,blocked_ball,0,0
605483,"Snell, Blake",2025-10-24,TOR,LAD,Bot,96.0,68.8,29,,foul,0,0
605483,"Snell, Blake",2025-10-24,TOR,LAD,Bot,96.5,92.3,13,,foul,0,0
605483,"Snell, Blake",2025-10-24,TOR,LAD,Bot,96.9,75.9,47,,foul,0,0
605483,"Snell, Blake",2025-10-24,TOR,LAD,Bot,81.0,72.5,30,,foul,0,0
605483,"Snell, Blake",2025-10-24,TOR,LAD,Bot,96.1,,,,ball,0,0
605483,"Snell, Blake",2025-10-24,TOR,LAD,Bot,96.2,,,,ball,0,0
605483,"Snell, Blake",2025-10-24,TOR,LAD,Bot,86.3,67.6,28,,foul,0,0
605483,"Snell, Blake",2025-10-24,TOR,LAD,Bot,96.5,,,,ball,0,0
605483,"Snell, Blake",2025-10-24,TOR,LAD,Bot,88.3,67.7,-5,single,hit_into_play,0,0
605483,"Snell, Blake",2025-10-24,TOR,LAD,Bot,95.8,,,,ball,0,0
605483,"Snell, Blake",2025-10-24,TOR,LAD,Bot,95.9,,,,ball,0,0
605483,"Snell, Blake",2025-10-24,TOR,LAD,Bot,95.6,,,,ball,0,0
605483,"Snell, Blake",2025-10-24,TOR,LAD,Bot,83.6,,,walk,blocked_ball,0,0
605483,"Snell, Blake",2025-10-24,TOR,LAD,Bot,96.7,87.9,-22,,foul,0,0
605483,"Snell, Blake",2025-10-24,TOR,LAD,Bot,87.9,,,,called_strike,0,0
605483,"Snell, Blake",2025-10-24,TOR,LAD,Bot,89.8,,,,ball,0,0
605483,"Snell, Blake",2025-10-24,TOR,LAD,Bot,96.2,,,,ball,0,0
605483,"Snell, Blake",2025-10-24,TOR,LAD,Bot,96.0,,,,ball,0,0
605483,"Snell, Blake",2025-10-24,TOR,LAD,Bot,88.8,,,,called_strike,0,0
605483,"Snell, Blake",2025-10-24,TOR,LAD,Bot,95.2,62.7,48,field_out,hit_into_play,0,0
605483,"Snell, Blake",2025-10-24,TOR,LAD,Bot,80.8,,,,called_strike,0,0
605483,"Snell, Blake",2025-10-24,TOR,LAD,Bot,95.4,,,,ball,0,0
605483,"Snell, Blake",2025-10-24,TOR,LAD,Bot,95.0,77.6,12,field_out,hit_into_play,0,0
605483,"Snell, Blake",2025-10-24,TOR,LAD,Bot,95.7,,,,ball,0,0
702056,"Yesavage, Trey",2025-10-24,TOR,LAD,Top,84.6,80.8,-27,field_out,hit_into_play,0,0
702056,"Yesavage, Trey",2025-10-24,TOR,LAD,Top,88.9,,,,ball,0,0
702056,"Yesavage, Trey",2025-10-24,TOR,LAD,Top,95.0,83.2,57,,foul,0,0
702056,"Yesavage, Trey",2025-10-24,TOR,LAD,Top,94.9,79.0,57,,foul,0,0
702056,"Yesavage, Trey",2025-10-24,TOR,LAD,Top,88.6,86.1,-35,field_out,hit_into_play,0,0
702056,"Yesavage, Trey",2025-10-24,TOR,LAD,Top,89.1,,,,ball,0,0
702056,"Yesavage, Trey",2025-10-24,TOR,LAD,Top,88.9,,,,called_strike,0,0
702056,"Yesavage, Trey",2025-10-24,TOR,LAD,Top,88.3,,,,swinging_strike,0,0
702056,"Yesavage, Trey",2025-10-24,TOR,LAD,Top,89.1,,,,ball,0,0
702056,"Yesavage, Trey",2025-10-24,TOR,LAD,Top,94.5,,,,ball,0,0
702056,"Yesavage, Trey",2025-10-24,TOR,LAD,Top,85.2,,,strikeout,swinging_strike,0,0
702056,"Yesavage, Trey",2025-10-24,TOR,LAD,Top,94.5,,,,ball,0,0
702056,"Yesavage, Trey",2025-10-24,TOR,LAD,Top,94.9,88.0,33,,foul,0,0
702056,"Yesavage, Trey",2025-10-24,TOR,LAD,Top,95.1,,,,called_strike,0,0
702056,"Yesavage, Trey",2025-10-24,TOR,LAD,Top,95.1,,,,ball,0,0
656546,"Hoffman, Jeff",2025-10-20,TOR,SEA,Top,88.0,,,strikeout,foul_tip,0,0
656546,"Hoffman, Jeff",2025-10-20,TOR,SEA,Top,86.8,,,,ball,0,0
656546,"Hoffman, Jeff",2025-10-20,TOR,SEA,Top,87.4,,,,foul,0,0
656546,"Hoffman, Jeff",2025-10-20,TOR,SEA,Top,86.4,,,,swinging_strike,0,0
656546,"Hoffman, Jeff",2025-10-20,TOR,SEA,Top,86.1,,,,ball,0,0
656546,"Hoffman, Jeff",2025-10-20,TOR,SEA,Top,86.9,,,,ball,0,0
656546,"Hoffman, Jeff",2025-10-20,TOR,SEA,Top,95.0,,,strikeout,swinging_strike,0,0
656546,"Hoffman, Jeff",2025-10-20,TOR,SEA,Top,94.5,,,,swinging_strike,0,0
656546,"Hoffman, Jeff",2025-10-20,TOR,SEA,Top,87.4,,,,ball,0,0
656546,"Hoffman, Jeff",2025-10-20,TOR,SEA,Top,94.7,92.3,85,,foul,0,0
656546,"Hoffman, Jeff",2025-10-20,TOR,SEA,Top,88.1,,,,ball,0,0
656546,"Hoffman, Jeff",2025-10-20,TOR,SEA,Top,95.0,,,strikeout,swinging_strike,0,0
656546,"Hoffman, Jeff",2025-10-20,TOR,SEA,Top,88.7,,,,ball,0,0
656546,"Hoffman, Jeff",2025-10-20,TOR,SEA,Top,89.1,,,,ball,0,0
656546,"Hoffman, Jeff",2025-10-20,TOR,SEA,Top,94.9,,,,called_strike,0,0
656546,"Hoffman, Jeff",2025-10-20,TOR,SEA,Top,88.5,,,,ball,0,0
656546,"Hoffman, Jeff",2025-10-20,TOR,SEA,Top,95.1,,,,foul_bunt,0,0
662253,"Muñoz, Andrés",2025-10-20,TOR,SEA,Bot,98.3,76.4,0,field_out,hit_into_play,0,0
662253,"Muñoz, Andrés",2025-10-20,TOR,SEA,Bot,85.5,91.9,24,,foul,0,0
662253,"Muñoz, Andrés",2025-10-20,TOR,SEA,Bot,98.6,,,,ball,0,0
662253,"Muñoz, Andrés",2025-10-20,TOR,SEA,Bot,99.2,81.7,38,,foul,0,0
662253,"Muñoz, Andrés",2025-10-20,TOR,SEA,Bot,84.9,,,,called_strike,0,0
662253,"Muñoz, Andrés",2025-10-20,TOR,SEA,Bot,84.7,105.8,6,double_play,hit_into_play,0,1
662253,"Muñoz, Andrés",2025-10-20,TOR,SEA,Bot,97.9,,,,ball,0,0
662253,"Muñoz, Andrés",2025-10-20,TOR,SEA,Bot,98.9,,,,called_strike,0,0
662253,"Muñoz, Andrés",2025-10-20,TOR,SEA,Bot,85.3,,,,ball,0,0
662253,"Muñoz, Andrés",2025-10-20,TOR,SEA,Bot,97.2,98.4,-3,single,hit_into_play,0,1
662253,"Muñoz, Andrés",2025-10-20,TOR,SEA,Bot,99.4,,,,called_strike,0,0
662253,"Muñoz, Andrés",2025-10-20,TOR,SEA,Bot,83.6,,,,ball,0,0
662253,"Muñoz, Andrés",2025-10-20,TOR,SEA,Bot,98.5,,,,foul_bunt,0,0
662253,"Muñoz, Andrés",2025-10-20,TOR,SEA,Bot,84.9,105.6,13,single,hit_into_play,0,1
605135,"Bassitt, Chris",2025-10-20,TOR,SEA,Top,93.7,105.2,-9,field_out,hit_into_play,0,1
605135,"Bassitt, Chris",2025-10-20,TOR,SEA,Top,71.9,,,,ball,0,0
605135,"Bassitt, Chris",2025-10-20,TOR,SEA,Top,72.3,,,strikeout,called_strike,0,0
605135,"Bassitt, Chris",2025-10-20,TOR,SEA,Top,92.7,87.1,-25,,foul,0,0
605135,"Bassitt, Chris",2025-10-20,TOR,SEA,Top,91.2,,,,ball,0,0
605135,"Bassitt, Chris",2025-10-20,TOR,SEA,Top,94.0,,,,called_strike,0,0
605135,"Bassitt, Chris",2025-10-20,TOR,SEA,Top,94.1,,,,ball,0,0
605135,"Bassitt, Chris",2025-10-20,TOR,SEA,Top,73.2,,,,ball,0,0
605135,"Bassitt, Chris",2025-10-20,TOR,SEA,Top,95.3,,,,called_strike,0,0
605135,"Bassitt, Chris",2025-10-20,TOR,SEA,Top,92.6,106.8,-12,field_out,hit_into_play,0,1
660825,"Bazardo, Eduard",2025-10-20,TOR,SEA,Bot,97.1,,,strikeout,called_strike,0,0
660825,"Bazardo, Eduard",2025-10-20,TOR,SEA,Bot,84.4,,,,ball,0,0
660825,"Bazardo, Eduard",2025-10-20,TOR,SEA,Bot,96.7,,,,ball,0,0
660825,"Bazardo, Eduard",2025-10-20,TOR,SEA,Bot,96.8,,,,called_strike,0,0
660825,"Bazardo, Eduard",2025-10-20,TOR,SEA,Bot,83.1,,,,swinging_strike,0,0
660825,"Bazardo, Eduard",2025-10-20,TOR,SEA,Bot,95.7,113.1,11,field_out,hit_into_play,0,1
660825,"Bazardo, Eduard",2025-10-20,TOR,SEA,Bot,83.0,101.8,11,single,hit_into_play,0,1
660825,"Bazardo, Eduard",2025-10-20,TOR,SEA,Bot,95.3,77.2,50,,foul,0,0
660825,"Bazardo, Eduard",2025-10-20,TOR,SEA,Bot,96.6,,,,ball,0,0
660825,"Bazardo, Eduard",2025-10-20,TOR,SEA,Bot,95.5,86.5,54,,foul,0,0
660825,"Bazardo, Eduard",2025-10-20,TOR,SEA,Bot,96.0,99.1,30,home_run,hit_into_play,1,1
660825,"Bazardo, Eduard",2025-10-20,TOR,SEA,Bot,95.8,,,,ball,0,0
693433,"Woo, Bryan",2025-10-20,TOR,SEA,Bot,95.4,30.4,-42,sac_bunt,hit_into_play,0,0
693433,"Woo, Bryan",2025-10-20,TOR,SEA,Bot,94.3,,,,ball,0,0
693433,"Woo, Bryan",2025-10-20,TOR,SEA,Bot,85.1,92.6,-1,single,hit_into_play,0,0
693433,"Woo, Bryan",2025-10-20,TOR,SEA,Bot,95.3,,,,foul,0,0
693433,"Woo, Bryan",2025-10-20,TOR,SEA,Bot,93.8,,,,called_strike,0,0
693433,"Woo, Bryan",2025-10-20,TOR,SEA,Bot,95.9,,,walk,ball,0,0
693433,"Woo, Bryan",2025-10-20,TOR,SEA,Bot,95.8,,,,ball,0,0
693433,"Woo, Bryan",2025-10-20,TOR,SEA,Bot,95.6,,,,ball,0,0
693433,"Woo, Bryan",2025-10-20,TOR,SEA,Bot,96.0,62.5,64,,foul,0,0
693433,"Woo, Bryan",2025-10-20,TOR,SEA,Bot,95.3,,,,ball,0,0
592332,"Gausman, Kevin",2025-10-20,TOR,SEA,Top,85.3,79.4,-8,field_out,hit_into_play,0,0
592332,"Gausman, Kevin",2025-10-20,TOR,SEA,Top,84.8,,,,swinging_strike,0,0
592332,"Gausman, Kevin",2025-10-20,TOR,SEA,Top,83.8,,,,ball,0,0
592332,"Gausman, Kevin",2025-10-20,TOR,SEA,Top,84.7,,,,called_strike,0,0
592332,"Gausman, Kevin",2025-10-20,TOR,SEA,Top,84.8,,,,ball,0,0
592332,"Gausman, Kevin",2025-10-20,TOR,SEA,Top,94.6,,,walk,ball,0,0
592332,"Gausman, Kevin",2025-10-20,TOR,SEA,Top,85.5,,,,blocked_ball,0,0
592332,"Gausman, Kevin",2025-10-20,TOR,SEA,Top,96.0,,,,ball,0,0
592332,"Gausman, Kevin",2025-10-20,TOR,SEA,Top,95.9,,,,ball,0,0
592332,"Gausman, Kevin",2025-10-20,TOR,SEA,Top,84.6,78.6,5,grounded_into_double_play,hit_into_play,0,0
592332,"Gausman, Kevin",2025-10-20,TOR,SEA,Top,94.3,,,,called_strike,0,0
592332,"Gausman, Kevin",2025-10-20,TOR,SEA,Top,94.0,,,walk,ball,0,0
592332,"Gausman, Kevin",2025-10-20,TOR,SEA,Top,85.2,,,,ball,0,0
592332,"Gausman, Kevin",2025-10-20,TOR,SEA,Top,84.9,62.2,40,,foul,0,0
592332,"Gausman, Kevin",2025-10-20,TOR,SEA,Top,82.8,98.6,33,,foul,0,1
592332,"Gausman, Kevin",2025-10-20,TOR,SEA,Top,94.6,,,,called_strike,0,0
592332,"Gausman, Kevin",2025-10-20,TOR,SEA,Top,85.3,,,,ball,0,0
592332,"Gausman, Kevin",2025-10-20,TOR,SEA,Top,83.0,48.5,8,,foul,0,0
592332,"Gausman, Kevin",2025-10-20,TOR,SEA,Top,94.2,,,,ball,0,0
693433,"Woo, Bryan",2025-10-20,TOR,SEA,Bot,97.2,94.0,-15,force_out,hit_into_play,0,0
693433,"Woo, Bryan",2025-10-20,TOR,SEA,Bot,97.8,,,,ball,0,0
693433,"Woo, Bryan",2025-10-20,TOR,SEA,Bot,97.2,98.3,21,field_out,hit_into_play,0,1
693433,"Woo, Bryan",2025-10-20,TOR,SEA,Bot,96.3,,,,ball,0,0
693433,"Woo, Bryan",2025-10-20,TOR,SEA,Bot,96.5,81.7,20,single,hit_into_play,0,0
693433,"Woo, Bryan",2025-10-20,TOR,SEA,Bot,87.6,,,,ball,0,0
693433,"Woo, Bryan",2025-10-20,TOR,SEA,Bot,96.4,77.4,19,,foul,0,0
693433,"Woo, Bryan",2025-10-20,TOR,SEA,Bot,96.3,,,,ball,0,0
693433,"Woo, Bryan",2025-10-20,TOR,SEA,Bot,87.1,,,strikeout,swinging_strike,0,0
693433,"Woo, Bryan",2025-10-20,TOR,SEA,Bot,96.9,81.1,-29,,foul,0,0
693433,"Woo, Bryan",2025-10-20,TOR,SEA,Bot,97.7,76.6,58,,foul,0,0
693433,"Woo, Bryan",2025-10-20,TOR,SEA,Bot,96.7,78.2,-25,,foul,0,0
693433,"Woo, Bryan",2025-10-20,TOR,SEA,Bot,96.7,,,,foul,0,0
693433,"Woo, Bryan",2025-10-20,TOR,SEA,Bot,88.1,,,,ball,0,0
693433,"Woo, Bryan",2025-10-20,TOR,SEA,Bot,95.5,,,,swinging_strike,0,0
693433,"Woo, Bryan",2025-10-20,TOR,SEA,Bot,96.7,,,,called_strike,0,0
693433,"Woo, Bryan",2025-10-20,TOR,SEA,Bot,96.9,,,,ball,0,0
622554,"Domínguez, Seranthony",2025-10-20,TOR,SEA,Top,97.1,49.4,75,field_out,hit_into_play,0,0
622554,"Domínguez, Seranthony",2025-10-20,TOR,SEA,Top,96.8,,,,ball,0,0
622554,"Domínguez, Seranthony",2025-10-20,TOR,SEA,Top,84.7,,,,ball,0,0
622554,"Domínguez, Seranthony",2025-10-20,TOR,SEA,Top,98.1,,,,called_strike,0,0
622554,"Domínguez, Seranthony",2025-10-20,TOR,SEA,Top,96.0,109.4,6,field_out,hit_into_play,0,1
622554,"Domínguez, Seranthony",2025-10-20,TOR,SEA,Top,85.8,76.3,35,field_out,hit_into_play,0,0
622554,"Domínguez, Seranthony",2025-10-20,TOR,SEA,Top,85.1,,,,ball,0,0
693433,"Woo, Bryan",2025-10-20,TOR,SEA,Bot,96.0,95.3,-20,grounded_into_double_play,hit_into_play,0,1
693433,"Woo, Bryan",2025-10-20,TOR,SEA,Bot,96.9,,,,ball,0,0
693433,"Woo, Bryan",2025-10-20,TOR,SEA,Bot,96.7,78.2,-28,,foul,0,0
693433,"Woo, Bryan",2025-10-20,TOR,SEA,Bot,85.2,,,strikeout,swinging_strike,0,0
693433,"Woo, Bryan",2025-10-20,TOR,SEA,Bot,96.7,,,,swinging_strike,0,0
693433,"Woo, Bryan",2025-10-20,TOR,SEA,Bot,96.4,88.6,38,,foul,0,0
693433,"Woo, Bryan",2025-10-20,TOR,SEA,Bot,95.7,,,walk,ball,0,0
693433,"Woo, Bryan",2025-10-20,TOR,SEA,Bot,95.8,,,,called_strike,0,0
693433,"Woo, Bryan",2025-10-20,TOR,SEA,Bot,95.0,,,,ball,0,0
693433,"Woo, Bryan",2025-10-20,TOR,SEA,Bot,95.5,,,,ball,0,0
693433,"Woo, Bryan",2025-10-20,TOR,SEA,Bot,96.0,,,,ball,0,0
686973,"Varland, Louis",2025-10-20,TOR,SEA,Top,87.4,93.7,58,field_out,hit_into_play,0,0
686973,"Varland, Louis",2025-10-20,TOR,SEA,Top,97.7,58.6,-43,,foul,0,0
686973,"Varland, Louis",2025-10-20,TOR,SEA,Top,91.0,,,,swinging_strike,0,0
686973,"Varland, Louis",2025-10-20,TOR,SEA,Top,91.6,,,,swinging_strike,0,0
686973,"Varland, Louis",2025-10-20,TOR,SEA,Top,94.1,107.3,4,field_out,hit_into_play,0,1
686973,"Varland, Louis",2025-10-20,TOR,SEA,Top,93.4,,,,ball,0,0
686973,"Varland, Louis",2025-10-20,TOR,SEA,Top,89.2,52.9,-62,,foul,0,0
686973,"Varland, Louis",2025-10-20,TOR,SEA,Top,97.8,92.9,24,field_out,hit_into_play,0,0
686973,"Varland, Louis",2025-10-20,TOR,SEA,Top,93.8,102.1,35,home_run,hit_into_play,0,1
686973,"Varland, Louis",2025-10-20,TOR,SEA,Top,94.3,,,,swinging_strike,0,0
669923,"Kirby, George",2025-10-20,TOR,SEA,Bot,97.5,95.4,4,force_out,hit_into_play,0,1
669923,"Kirby, George",2025-10-20,TOR,SEA,Bot,87.9,109.0,6,single,hit_into_play,0,1
669923,"Kirby, George",2025-10-20,TOR,SEA,Bot,98.2,,,,ball,0,0
669923,"Kirby, George",2025-10-20,TOR,SEA,Bot,89.3,,,,swinging_strike,0,0
669923,"Kirby, George",2025-10-20,TOR,SEA,Bot,98.1,,,,ball,0,0
669923,"Kirby, George",2025-10-20,TOR,SEA,Bot,97.8,,,,called_strike,0,0
669923,"Kirby, George",2025-10-20,TOR,SEA,Bot,96.9,86.9,62,field_out,hit_into_play,0,0
669923,"Kirby, George",2025-10-20,TOR,SEA,Bot,98.0,,,,ball,0,0
669923,"Kirby, George",2025-10-20,TOR,SEA,Bot,97.4,,,,called_strike,0,0
669923,"Kirby, George",2025-10-20,TOR,SEA,Bot,97.4,,,,ball,0,0
669923,"Kirby, George",2025-10-20,TOR,SEA,Bot,85.7,,,,ball,0,0
669923,"Kirby, George",2025-10-20,TOR,SEA,Bot,97.3,,,strikeout,swinging_strike,0,0
669923,"Kirby, George",2025-10-20,TOR,SEA,Bot,87.2,92.2,-11,,foul,0,0
669923,"Kirby, George",2025-10-20,TOR,SEA,Bot,97.8,,,,ball,0,0
669923,"Kirby, George",2025-10-20,TOR,SEA,Bot,96.3,,,,swinging_strike,0,0
669923,"Kirby, George",2025-10-20,TOR,SEA,Bot,96.1,,,,ball,0,0
669923,"Kirby, George",2025-10-20,TOR,SEA,Bot,87.0,,,,called_strike,0,0
686973,"Varland, Louis",2025-10-20,TOR,SEA,Top,88.4,74.4,-17,field_out,hit_into_play,0,0
686973,"Varland, Louis",2025-10-20,TOR,SEA,Top,90.1,,,,ball,0,0
686973,"Varland, Louis",2025-10-20,TOR,SEA,Top,90.5,,,,swinging_strike,0,0
669456,"Bieber, Shane",2025-10-20,TOR,SEA,Top,86.7,,,walk,ball,0,0
669456,"Bieber, Shane",2025-10-20,TOR,SEA,Top,87.1,,,,ball,0,0
669456,"Bieber, Shane",2025-10-20,TOR,SEA,Top,84.9,,,,ball,0,0
669456,"Bieber, Shane",2025-10-20,TOR,SEA,Top,85.4,,,,ball,0,0
669456,"Bieber, Shane",2025-10-20,TOR,SEA,Top,85.1,,,,swinging_strike,0,0
669456,"Bieber, Shane",2025-10-20,TOR,SEA,Top,85.5,,,strikeout,swinging_strike,0,0
669456,"Bieber, Shane",2025-10-20,TOR,SEA,Top,89.4,,,,swinging_strike,0,0
669456,"Bieber, Shane",2025-10-20,TOR,SEA,Top,82.8,,,,called_strike,0,0
669456,"Bieber, Shane",2025-10-20,TOR,SEA,Top,88.8,,,,ball,0,0
669456,"Bieber, Shane",2025-10-20,TOR,SEA,Top,92.7,97.7,17,double,hit_into_play,0,1
669456,"Bieber, Shane",2025-10-20,TOR,SEA,Top,84.0,,,,ball,0,0
669456,"Bieber, Shane",2025-10-20,TOR,SEA,Top,83.4,68.2,9,,foul,0,0
669456,"Bieber, Shane",2025-10-20,TOR,SEA,Top,83.4,,,,swinging_strike,0,0
669456,"Bieber, Shane",2025-10-20,TOR,SEA,Top,92.3,,,,ball,0,0
669456,"Bieber, Shane",2025-10-20,TOR,SEA,Top,92.4,,,,called_strike,0,0
669456,"Bieber, Shane",2025-10-20,TOR,SEA,Top,92.6,,,,ball,0,0
669456,"Bieber, Shane",2025-10-20,TOR,SEA,Top,85.9,,,strikeout,swinging_strike,0,0
669456,"Bieber, Shane",2025-10-20,TOR,SEA,Top,84.5,,,,swinging_strike,0,0
669456,"Bieber, Shane",2025-10-20,TOR,SEA,Top,82.4,,,,swinging_strike,0,0
669456,"Bieber, Shane",2025-10-20,TOR,SEA,Top,92.2,,,,ball,0,0
669456,"Bieber, Shane",2025-10-20,TOR,SEA,Top,91.7,,,,ball,0,0
669923,"Kirby, George",2025-10-20,TOR,SEA,Bot,89.4,109.6,5,field_out,hit_into_play,0,1
669923,"Kirby, George",2025-10-20,TOR,SEA,Bot,89.6,,,,ball,0,0
669923,"Kirby, George",2025-10-20,TOR,SEA,Bot,97.7,,,,foul_tip,0,0
669923,"Kirby, George",2025-10-20,TOR,SEA,Bot,89.2,,,,swinging_strike,0,0
669923,"Kirby, George",2025-10-20,TOR,SEA,Bot,97.3,71.0,41,field_out,hit_into_play,0,0
669923,"Kirby, George",2025-10-20,TOR,SEA,Bot,88.0,,,strikeout,swinging_strike,0,0
669923,"Kirby, George",2025-10-20,TOR,SEA,Bot,97.2,74.1,33,,foul,0,0
669923,"Kirby, George",2025-10-20,TOR,SEA,Bot,87.1,71.2,42,,foul,0,0
669923,"Kirby, George",2025-10-20,TOR,SEA,Bot,96.8,,,,swinging_strike,0,0
669923,"Kirby, George",2025-10-20,TOR,SEA,Bot,96.6,,,,called_strike,0,0
669923,"Kirby, George",2025-10-20,TOR,SEA,Bot,97.4,,,,ball,0,0
669923,"Kirby, George",2025-10-20,TOR,SEA,Bot,96.4,,,,ball,0,0
669456,"Bieber, Shane",2025-10-20,TOR,SEA,Top,85.7,,,strikeout,swinging_strike_blocked,0,0
669456,"Bieber, Shane",2025-10-20,TOR,SEA,Top,85.9,,,,blocked_ball,0,0
669456,"Bieber, Shane",2025-10-20,TOR,SEA,Top,86.3,,,,called_strike,0,0
669456,"Bieber, Shane",2025-10-20,TOR,SEA,Top,92.7,,,,ball,0,0
669456,"Bieber, Shane",2025-10-20,TOR,SEA,Top,93.2,,,,swinging_strike,0,0
669456,"Bieber, Shane",2025-10-20,TOR,SEA,Top,82.7,97.9,0,single,hit_into_play,0,1
669456,"Bieber, Shane",2025-10-20,TOR,SEA,Top,84.7,93.8,-24,,foul,0,0
669456,"Bieber, Shane",2025-10-20,TOR,SEA,Top,89.2,,,,ball,0,0
669456,"Bieber, Shane",2025-10-20,TOR,SEA,Top,88.6,87.1,-17,,foul,0,0
669456,"Bieber, Shane",2025-10-20,TOR,SEA,Top,89.0,,,,called_strike,0,0
669456,"Bieber, Shane",2025-10-20,TOR,SEA,Top,89.1,,,,ball,0,0
669456,"Bieber, Shane",2025-10-20,TOR,SEA,Top,83.4,,,,ball,0,0
669456,"Bieber, Shane",2025-10-20,TOR,SEA,Top,92.0,99.5,19,field_out,hit_into_play,0,1
669456,"Bieber, Shane",2025-10-20,TOR,SEA,Top,88.8,80.8,-39,field_out,hit_into_play,0,0
669456,"Bieber, Shane",2025-10-20,TOR,SEA,Top,84.8,108.6,23,home_run,hit_into_play,0,1
669456,"Bieber, Shane",2025-10-20,TOR,SEA,Top,84.6,75.4,-48,,foul,0,0
669456,"Bieber, Shane",2025-10-20,TOR,SEA,Top,89.1,89.0,-40,,foul,0,0
669456,"Bieber, Shane",2025-10-20,TOR,SEA,Top,85.7,,,,ball,0,0
669456,"Bieber, Shane",2025-10-20,TOR,SEA,Top,84.7,,,,ball,0,0
669456,"Bieber, Shane",2025-10-20,TOR,SEA,Top,88.1,,,,swinging_strike,0,0
669456,"Bieber, Shane",2025-10-20,TOR,SEA,Top,92.6,38.2,-69,,foul,0,0
669923,"Kirby, George",2025-10-20,TOR,SEA,Bot,89.2,91.6,-31,field_out,hit_into_play,0,0
669923,"Kirby, George",2025-10-20,TOR,SEA,Bot,97.6,,,,ball,0,0
669923,"Kirby, George",2025-10-20,TOR,SEA,Bot,97.8,,,,ball,0,0
669923,"Kirby, George",2025-10-20,TOR,SEA,Bot,87.6,65.9,4,single,hit_into_play,0,0
669923,"Kirby, George",2025-10-20,TOR,SEA,Bot,97.5,78.0,8,field_out,hit_into_play,0,0
669923,"Kirby, George",2025-10-20,TOR,SEA,Bot,97.6,,,,ball,0,0
669923,"Kirby, George",2025-10-20,TOR,SEA,Bot,85.3,103.4,-17,field_out,hit_into_play,0,1
669923,"Kirby, George",2025-10-20,TOR,SEA,Bot,89.4,,,,ball,0,0
669923,"Kirby, George",2025-10-20,TOR,SEA,Bot,96.6,96.0,-17,,foul,0,1
669923,"Kirby, George",2025-10-20,TOR,SEA,Bot,88.4,,,,called_strike,0,0
669923,"Kirby, George",2025-10-20,TOR,SEA,Bot,85.2,,,,ball,0,0
669456,"Bieber, Shane",2025-10-20,TOR,SEA,Top,85.0,76.7,-53,field_out,hit_into_play,0,0
669456,"Bieber, Shane",2025-10-20,TOR,SEA,Top,86.2,,,strikeout,swinging_strike,0,0
669456,"Bieber, Shane",2025-10-20,TOR,SEA,Top,89.1,68.1,33,,foul,0,0
669456,"Bieber, Shane",2025-10-20,TOR,SEA,Top,92.3,,,,called_strike,0,0
669456,"Bieber, Shane",2025-10-20,TOR,SEA,Top,92.5,28.6,8,sac_bunt,hit_into_play,0,0
669456,"Bieber, Shane",2025-10-20,TOR,SEA,Top,84.8,91.2,16,single,hit_into_play,0,0
669456,"Bieber, Shane",2025-10-20,TOR,SEA,Top,85.1,,,,ball,0,0
669456,"Bieber, Shane",2025-10-20,TOR,SEA,Top,86.0,91.2,2,single,hit_into_play,0,0
669456,"Bieber, Shane",2025-10-20,TOR,SEA,Top,84.5,71.2,36,,foul,0,0
669456,"Bieber, Shane",2025-10-20,TOR,SEA,Top,92.7,,,,ball,0,0
669456,"Bieber, Shane",2025-10-20,TOR,SEA,Top,85.2,,,,ball,0,0
669456,"Bieber, Shane",2025-10-20,TOR,SEA,Top,92.0,,,,called_strike,0,0
669923,"Kirby, George",2025-10-20,TOR,SEA,Bot,98.2,101.6,21,field_out,hit_into_play,0,1
669923,"Kirby, George",2025-10-20,TOR,SEA,Bot,86.0,105.2,-34,,foul,0,1
669923,"Kirby, George",2025-10-20,TOR,SEA,Bot,98.0,,,,swinging_strike,0,0
669923,"Kirby, George",2025-10-20,TOR,SEA,Bot,87.8,98.4,-10,single,hit_into_play,0,1
669923,"Kirby, George",2025-10-20,TOR,SEA,Bot,88.2,,,,swinging_strike,0,0
669923,"Kirby, George",2025-10-20,TOR,SEA,Bot,97.9,,,strikeout,foul_tip,0,0
669923,"Kirby, George",2025-10-20,TOR,SEA,Bot,98.4,80.7,22,,foul,0,0
669923,"Kirby, George",2025-10-20,TOR,SEA,Bot,98.5,77.9,64,,foul,0,0
669923,"Kirby, George",2025-10-20,TOR,SEA,Bot,98.0,,,,called_strike,0,0
669923,"Kirby, George",2025-10-20,TOR,SEA,Bot,98.4,,,,ball,0,0
669923,"Kirby, George",2025-10-20,TOR,SEA,Bot,97.9,,,,called_strike,0,0
669923,"Kirby, George",2025-10-20,TOR,SEA,Bot,89.8,,,,ball,0,0
669923,"Kirby, George",2025-10-20,TOR,SEA,Bot,90.8,,,,ball,0,0
669923,"Kirby, George",2025-10-20,TOR,SEA,Bot,98.7,110.5,0,single,hit_into_play,0,1
669923,"Kirby, George",2025-10-20,TOR,SEA,Bot,97.5,,,,called_strike,0,0
669923,"Kirby, George",2025-10-20,TOR,SEA,Bot,98.8,,,,called_strike,0,0
669923,"Kirby, George",2025-10-20,TOR,SEA,Bot,97.3,76.2,41,field_out,hit_into_play,0,0
669923,"Kirby, George",2025-10-20,TOR,SEA,Bot,98.6,,,,called_strike,0,0
669923,"Kirby, George",2025-10-20,TOR,SEA,Bot,97.7,,,,ball,0,0
669923,"Kirby, George",2025-10-20,TOR,SEA,Bot,98.2,,,walk,ball,0,0
669923,"Kirby, George",2025-10-20,TOR,SEA,Bot,90.5,,,,ball,0,0
669923,"Kirby, George",2025-10-20,TOR,SEA,Bot,97.6,68.1,50,,foul,0,0
669923,"Kirby, George",2025-10-20,TOR,SEA,Bot,96.8,73.2,42,,foul,0,0
669923,"Kirby, George",2025-10-20,TOR,SEA,Bot,97.8,,,,ball,0,0
669923,"Kirby, George",2025-10-20,TOR,SEA,Bot,97.6,,,,ball,0,0
669456,"Bieber, Shane",2025-10-20,TOR,SEA,Top,89.3,83.6,-16,double_play,hit_into_play,0,0
669456,"Bieber, Shane",2025-10-20,TOR,SEA,Top,85.6,,,,blocked_ball,0,0
669456,"Bieber, Shane",2025-10-20,TOR,SEA,Top,88.7,,,,called_strike,0,0
669456,"Bieber, Shane",2025-10-20,TOR,SEA,Top,88.5,,,,ball,0,0
669456,"Bieber, Shane",2025-10-20,TOR,SEA,Top,88.9,,,,ball,0,0
669456,"Bieber, Shane",2025-10-20,TOR,SEA,Top,92.9,,,,called_strike,0,0
669456,"Bieber, Shane",2025-10-20,TOR,SEA,Top,83.6,99.5,-6,single,hit_into_play,0,1
669456,"Bieber, Shane",2025-10-20,TOR,SEA,Top,89.4,,,,ball,0,0
669456,"Bieber, Shane",2025-10-20,TOR,SEA,Top,87.9,,,,ball,0,0
669456,"Bieber, Shane",2025-10-20,TOR,SEA,Top,88.9,81.6,-10,,foul,0,0
669456,"Bieber, Shane",2025-10-20,TOR,SEA,Top,92.6,,,,ball,0,0
669456,"Bieber, Shane",2025-10-20,TOR,SEA,Top,93.3,,,strikeout,foul_tip,0,0
669456,"Bieber, Shane",2025-10-20,TOR,SEA,Top,85.9,111.4,17,,foul,0,1
669456,"Bieber, Shane",2025-10-20,TOR,SEA,Top,86.5,,,,blocked_ball,0,0
669456,"Bieber, Shane",2025-10-20,TOR,SEA,Top,83.9,,,,ball,0,0
669456,"Bieber, Shane",2025-10-20,TOR,SEA,Top,89.1,66.8,-55,,foul,0,0
669456,"Bieber, Shane",2025-10-20,TOR,SEA,Top,84.8,,,,swinging_strike,0,0
669456,"Bieber, Shane",2025-10-20,TOR,SEA,Top,92.5,,,,ball,0,0
669456,"Bieber, Shane",2025-10-20,TOR,SEA,Top,85.9,107.2,0,double,hit_into_play,0,1
669456,"Bieber, Shane",2025-10-20,TOR,SEA,Top,92.4,,,,ball,0,0
656546,"Hoffman, Jeff",2025-10-19,TOR,SEA,Top,88.5,57.9,55,field_out,hit_into_play,0,0
656546,"Hoffman, Jeff",2025-10-19,TOR,SEA,Top,87.8,,,,foul,0,0
656546,"Hoffman, Jeff",2025-10-19,TOR,SEA,Top,86.3,,,,ball,0,0
656546,"Hoffman, Jeff",2025-10-19,TOR,SEA,Top,95.1,94.0,79,,foul,0,0
656546,"Hoffman, Jeff",2025-10-19,TOR,SEA,Top,94.6,,,walk,ball,0,0
656546,"Hoffman, Jeff",2025-10-19,TOR,SEA,Top,88.0,,,,ball,0,0
656546,"Hoffman, Jeff",2025-10-19,TOR,SEA,Top,94.4,,,,foul_tip,0,0
656546,"Hoffman, Jeff",2025-10-19,TOR,SEA,Top,95.0,,,,ball,0,0
656546,"Hoffman, Jeff",2025-10-19,TOR,SEA,Top,94.5,,,,ball,0,0
656546,"Hoffman, Jeff",2025-10-19,TOR,SEA,Top,87.6,,,strikeout,swinging_strike,0,0
656546,"Hoffman, Jeff",2025-10-19,TOR,SEA,Top,88.5,,,,ball,0,0
656546,"Hoffman, Jeff",2025-10-19,TOR,SEA,Top,89.3,,,,foul,0,0
656546,"Hoffman, Jeff",2025-10-19,TOR,SEA,Top,87.7,,,,swinging_strike,0,0
656546,"Hoffman, Jeff",2025-10-19,TOR,SEA,Top,88.0,,,,ball,0,0
656546,"Hoffman, Jeff",2025-10-19,TOR,SEA,Top,88.2,,,,ball,0,0
656546,"Hoffman, Jeff",2025-10-19,TOR,SEA,Top,86.1,,,,swinging_strike,0,0
656546,"Hoffman, Jeff",2025-10-19,TOR,SEA,Top,87.6,,,strikeout,swinging_strike,0,0
656546,"Hoffman, Jeff",2025-10-19,TOR,SEA,Top,87.1,,,,swinging_strike,0,0
656546,"Hoffman, Jeff",2025-10-19,TOR,SEA,Top,95.7,,,,ball,0,0
656546,"Hoffman, Jeff",2025-10-19,TOR,SEA,Top,94.9,,,,called_strike,0,0
672841,"Vargas, Carlos",2025-10-19,TOR,SEA,Bot,97.2,92.3,54,field_out,hit_into_play,0,0
672841,"Vargas, Carlos",2025-10-19,TOR,SEA,Bot,99.8,,,,foul,0,0
672841,"Vargas, Carlos",2025-10-19,TOR,SEA,Bot,98.5,75.5,23,single,hit_into_play,0,0
672841,"Vargas, Carlos",2025-10-19,TOR,SEA,Bot,100.5,67.2,56,,foul,0,0
672841,"Vargas, Carlos",2025-10-19,TOR,SEA,Bot,98.5,86.0,-5,single,hit_into_play,0,0
672841,"Vargas, Carlos",2025-10-19,TOR,SEA,Bot,99.9,,,,swinging_strike,0,0
672841,"Vargas, Carlos",2025-10-19,TOR,SEA,Bot,99.7,,,strikeout,swinging_strike,0,0
672841,"Vargas, Carlos",2025-10-19,TOR,SEA,Bot,89.8,81.8,59,,foul,0,0
672841,"Vargas, Carlos",2025-10-19,TOR,SEA,Bot,98.0,,,,called_strike,0,0
672841,"Vargas, Carlos",2025-10-19,TOR,SEA,Bot,99.3,,,,ball,0,0
672841,"Vargas, Carlos",2025-10-19,TOR,SEA,Bot,97.8,97.7,53,field_out,hit_into_play,0,1
672841,"Vargas, Carlos",2025-10-19,TOR,SEA,Bot,97.3,,,,swinging_strike,0,0
672841,"Vargas, Carlos",2025-10-19,TOR,SEA,Bot,98.6,,,,ball,0,0
656546,"Hoffman, Jeff",2025-10-19,TOR,SEA,Top,95.1,75.4,47,field_out,hit_into_play,0,0
656546,"Hoffman, Jeff",2025-10-19,TOR,SEA,Top,95.5,74.2,24,,foul,0,0
656546,"Hoffman, Jeff",2025-10-19,TOR,SEA,Top,89.8,,,strikeout,swinging_strike_blocked,0,0
656546,"Hoffman, Jeff",2025-10-19,TOR,SEA,Top,87.8,80.2,56,,foul,0,0
656546,"Hoffman, Jeff",2025-10-19,TOR,SEA,Top,88.5,58.3,-87,,foul,0,0
656546,"Hoffman, Jeff",2025-10-19,TOR,SEA,Top,89.6,,,,foul,0,0
656546,"Hoffman, Jeff",2025-10-19,TOR,SEA,Top,88.5,75.0,-26,,foul,0,0
656546,"Hoffman, Jeff",2025-10-19,TOR,SEA,Top,86.5,,,,called_strike,0,0
656546,"Hoffman, Jeff",2025-10-19,TOR,SEA,Top,88.3,,,,ball,0,0
656546,"Hoffman, Jeff",2025-10-19,TOR,SEA,Top,89.3,,,,ball,0,0
656546,"Hoffman, Jeff",2025-10-19,TOR,SEA,Top,95.2,,,strikeout,swinging_strike,0,0
656546,"Hoffman, Jeff",2025-10-19,TOR,SEA,Top,86.8,76.8,56,,foul,0,0
656546,"Hoffman, Jeff",2025-10-19,TOR,SEA,Top,88.4,,,,foul,0,0
656546,"Hoffman, Jeff",2025-10-19,TOR,SEA,Top,95.3,,,,called_strike,0,0
656546,"Hoffman, Jeff",2025-10-19,TOR,SEA,Top,95.3,,,,ball,0,0
666374,"Brash, Matt",2025-10-19,TOR,SEA,Bot,87.4,86.2,46,field_out,hit_into_play,0,0
666374,"Brash, Matt",2025-10-19,TOR,SEA,Bot,86.5,,,,blocked_ball,0,0
666374,"Brash, Matt",2025-10-19,TOR,SEA,Bot,97.3,,,walk,ball,0,0
666374,"Brash, Matt",2025-10-19,TOR,SEA,Bot,87.2,,,,swinging_strike,0,0
666374,"Brash, Matt",2025-10-19,TOR,SEA,Bot,89.2,,,,ball,0,0
666374,"Brash, Matt",2025-10-19,TOR,SEA,Bot,86.3,,,,called_strike,0,0
666374,"Brash, Matt",2025-10-19,TOR,SEA,Bot,89.6,,,,ball,0,0
666374,"Brash, Matt",2025-10-19,TOR,SEA,Bot,87.1,,,,blocked_ball,0,0
666374,"Brash, Matt",2025-10-19,TOR,SEA,Bot,85.9,,,walk,ball,0,0
666374,"Brash, Matt",2025-10-19,TOR,SEA,Bot,86.7,,,,ball,0,0
666374,"Brash, Matt",2025-10-19,TOR,SEA,Bot,86.9,,,,ball,0,0
666374,"Brash, Matt",2025-10-19,TOR,SEA,Bot,87.5,,,,ball,0,0
666374,"Brash, Matt",2025-10-19,TOR,SEA,Bot,87.6,,,strikeout,swinging_strike,0,0
666374,"Brash, Matt",2025-10-19,TOR,SEA,Bot,85.8,,,,swinging_strike,0,0
666374,"Brash, Matt",2025-10-19,TOR,SEA,Bot,87.2,,,,called_strike,0,0
666374,"Brash, Matt",2025-10-19,TOR,SEA,Bot,85.5,97.5,8,single,hit_into_play,0,1
666374,"Brash, Matt",2025-10-19,TOR,SEA,Bot,86.5,,,,called_strike,0,0
666374,"Brash, Matt",2025-10-19,TOR,SEA,Bot,96.3,,,hit_by_pitch,hit_by_pitch,0,0
666374,"Brash, Matt",2025-10-19,TOR,SEA,Bot,97.1,,,,called_strike,0,0
666374,"Brash, Matt",2025-10-19,TOR,SEA,Bot,84.6,84.0,7,field_out,hit_into_play,0,0
666374,"Brash, Matt",2025-10-19,TOR,SEA,Bot,97.5,,,,ball,0,0
686973,"Varland, Louis",2025-10-19,TOR,SEA,Top,93.8,90.5,24,field_out,hit_into_play,0,0
686973,"Varland, Louis",2025-10-19,TOR,SEA,Top,88.6,,,,ball,0,0
686973,"Varland, Louis",2025-10-19,TOR,SEA,Top,97.9,,,strikeout,called_strike,0,0
686973,"Varland, Louis",2025-10-19,TOR,SEA,Top,98.1,81.5,14,,foul,0,0
686973,"Varland, Louis",2025-10-19,TOR,SEA,Top,87.4,,,,ball,0,0
686973,"Varland, Louis",2025-10-19,TOR,SEA,Top,98.4,,,,called_strike,0,0
686973,"Varland, Louis",2025-10-19,TOR,SEA,Top,99.2,,,,ball,0,0
686973,"Varland, Louis",2025-10-19,TOR,SEA,Top,97.9,84.4,55,field_out,hit_into_play,0,0
686973,"Varland, Louis",2025-10-19,TOR,SEA,Top,98.6,,,,ball,0,0
686973,"Varland, Louis",2025-10-19,TOR,SEA,Top,88.3,,,,ball,0,0
660825,"Bazardo, Eduard",2025-10-19,TOR,SEA,Bot,96.4,83.8,-25,field_out,hit_into_play,0,0
660825,"Bazardo, Eduard",2025-10-19,TOR,SEA,Bot,95.5,74.1,64,,foul,0,0
660825,"Bazardo, Eduard",2025-10-19,TOR,SEA,Bot,95.4,,,strikeout,swinging_strike,0,0
660825,"Bazardo, Eduard",2025-10-19,TOR,SEA,Bot,83.5,,,,foul,0,0
660825,"Bazardo, Eduard",2025-10-19,TOR,SEA,Bot,82.5,,,,called_strike,0,0
660825,"Bazardo, Eduard",2025-10-19,TOR,SEA,Bot,95.7,81.5,67,field_out,hit_into_play,0,0
686973,"Varland, Louis",2025-10-19,TOR,SEA,Top,94.9,,,strikeout,foul_tip,0,0
686973,"Varland, Louis",2025-10-19,TOR,SEA,Top,89.1,,,,ball,0,0
686973,"Varland, Louis",2025-10-19,TOR,SEA,Top,98.2,,,,foul,0,0
686973,"Varland, Louis",2025-10-19,TOR,SEA,Top,98.9,,,,ball,0,0
686973,"Varland, Louis",2025-10-19,TOR,SEA,Top,94.4,,,,ball,0,0
686973,"Varland, Louis",2025-10-19,TOR,SEA,Top,88.3,,,,called_strike,0,0
686973,"Varland, Louis",2025-10-19,TOR,SEA,Top,99.1,58.1,31,single,hit_into_play,0,0
686973,"Varland, Louis",2025-10-19,TOR,SEA,Top,88.6,,,,called_strike,0,0
686973,"Varland, Louis",2025-10-19,TOR,SEA,Top,87.4,,,,blocked_ball,0,0
686973,"Varland, Louis",2025-10-19,TOR,SEA,Top,97.3,,,,ball,0,0
686973,"Varland, Louis",2025-10-19,TOR,SEA,Top,92.6,,,,called_strike,0,0
686973,"Varland, Louis",2025-10-19,TOR,SEA,Top,87.9,,,,ball,0,0
702056,"Yesavage, Trey",2025-10-19,TOR,SEA,Top,87.0,89.7,14,single,hit_into_play,0,0
702056,"Yesavage, Trey",2025-10-19,TOR,SEA,Top,88.0,92.2,-34,,foul,0,0
702056,"Yesavage, Trey",2025-10-19,TOR,SEA,Top,93.7,,,,ball,0,0
702056,"Yesavage, Trey",2025-10-19,TOR,SEA,Top,81.0,100.5,31,home_run,hit_into_play,0,1
702056,"Yesavage, Trey",2025-10-19,TOR,SEA,Top,93.5,99.4,-22,field_out,hit_into_play,0,1
702056,"Yesavage, Trey",2025-10-19,TOR,SEA,Top,82.8,,,,ball,0,0
702056,"Yesavage, Trey",2025-10-19,TOR,SEA,Top,93.5,,,,ball,0,0
702056,"Yesavage, Trey",2025-10-19,TOR,SEA,Top,83.8,,,strikeout,swinging_strike,0,0
702056,"Yesavage, Trey",2025-10-19,TOR,SEA,Top,88.7,,,,foul,0,0
702056,"Yesavage, Trey",2025-10-19,TOR,SEA,Top,93.7,,,,ball,0,0
702056,"Yesavage, Trey",2025-10-19,TOR,SEA,Top,93.3,,,,called_strike,0,0
702056,"Yesavage, Trey",2025-10-19,TOR,SEA,Top,82.0,,,,swinging_strike,0,0
660825,"Bazardo, Eduard",2025-10-19,TOR,SEA,Bot,96.1,83.6,43,field_out,hit_into_play,0,0
660825,"Bazardo, Eduard",2025-10-19,TOR,SEA,Bot,95.7,65.2,28,double,hit_into_play,0,0
660825,"Bazardo, Eduard",2025-10-19,TOR,SEA,Bot,95.3,,,,called_strike,0,0
660825,"Bazardo, Eduard",2025-10-19,TOR,SEA,Bot,96.3,102.9,26,field_out,hit_into_play,1,1
660825,"Bazardo, Eduard",2025-10-19,TOR,SEA,Bot,83.5,,,,ball,0,0
660825,"Bazardo, Eduard",2025-10-19,TOR,SEA,Bot,83.8,,,,swinging_strike,0,0
660825,"Bazardo, Eduard",2025-10-19,TOR,SEA,Bot,96.6,100.9,18,field_out,hit_into_play,0,1
660825,"Bazardo, Eduard",2025-10-19,TOR,SEA,Bot,84.4,,,,foul,0,0
660825,"Bazardo, Eduard",2025-10-19,TOR,SEA,Bot,96.0,,,,called_strike,0,0
669302,"Gilbert, Logan",2025-10-19,TOR,SEA,Bot,79.9,102.6,22,home_run,hit_into_play,0,1
669302,"Gilbert, Logan",2025-10-19,TOR,SEA,Bot,77.7,,,,ball,0,0
669302,"Gilbert, Logan",2025-10-19,TOR,SEA,Bot,93.7,,,,called_strike,0,0
702056,"Yesavage, Trey",2025-10-19,TOR,SEA,Top,93.6,94.2,-6,grounded_into_double_play,hit_into_play,0,0
702056,"Yesavage, Trey",2025-10-19,TOR,SEA,Top,84.2,,,strikeout,swinging_strike,0,0
702056,"Yesavage, Trey",2025-10-19,TOR,SEA,Top,93.8,71.0,48,,foul,0,0
702056,"Yesavage, Trey",2025-10-19,TOR,SEA,Top,93.3,,,,called_strike,0,0
702056,"Yesavage, Trey",2025-10-19,TOR,SEA,Top,93.1,107.4,-6,single,hit_into_play,0,1
702056,"Yesavage, Trey",2025-10-19,TOR,SEA,Top,92.4,,,,ball,0,0
702056,"Yesavage, Trey",2025-10-19,TOR,SEA,Top,82.7,,,,ball,0,0
702056,"Yesavage, Trey",2025-10-19,TOR,SEA,Top,87.1,73.4,9,,foul,0,0
702056,"Yesavage, Trey",2025-10-19,TOR,SEA,Top,93.0,,,,called_strike,0,0
702056,"Yesavage, Trey",2025-10-19,TOR,SEA,Top,93.0,,,,ball,0,0
669302,"Gilbert, Logan",2025-10-19,TOR,SEA,Bot,79.0,92.3,-8,field_out,hit_into_play,0,0
669302,"Gilbert, Logan",2025-10-19,TOR,SEA,Bot,95.5,,,,ball,0,0
669302,"Gilbert, Logan",2025-10-19,TOR,SEA,Bot,95.1,73.3,48,,foul,0,0
669302,"Gilbert, Logan",2025-10-19,TOR,SEA,Bot,79.1,,,,ball,0,0
669302,"Gilbert, Logan",2025-10-19,TOR,SEA,Bot,95.4,81.2,14,,foul,0,0
669302,"Gilbert, Logan",2025-10-19,TOR,SEA,Bot,94.1,93.3,40,field_out,hit_into_play,0,0
669302,"Gilbert, Logan",2025-10-19,TOR,SEA,Bot,94.2,63.2,10,field_out,hit_into_play,0,0
669302,"Gilbert, Logan",2025-10-19,TOR,SEA,Bot,94.2,,,,ball,0,0
669302,"Gilbert, Logan",2025-10-19,TOR,SEA,Bot,80.7,,,,swinging_strike,0,0
669302,"Gilbert, Logan",2025-10-19,TOR,SEA,Bot,94.0,,,,ball,0,0
669302,"Gilbert, Logan",2025-10-19,TOR,SEA,Bot,83.9,,,,called_strike,0,0
702056,"Yesavage, Trey",2025-10-19,TOR,SEA,Top,83.2,89.0,8,grounded_into_double_play,hit_into_play,0,0
702056,"Yesavage, Trey",2025-10-19,TOR,SEA,Top,82.9,,,,called_strike,0,0
702056,"Yesavage, Trey",2025-10-19,TOR,SEA,Top,82.6,,,,called_strike,0,0
702056,"Yesavage, Trey",2025-10-19,TOR,SEA,Top,83.7,,,walk,ball,0,0
702056,"Yesavage, Trey",2025-10-19,TOR,SEA,Top,89.6,,,,ball,0,0
702056,"Yesavage, Trey",2025-10-19,TOR,SEA,Top,88.5,80.7,-37,,foul,0,0
702056,"Yesavage, Trey",2025-10-19,TOR,SEA,Top,88.3,,,,swinging_strike,0,0
702056,"Yesavage, Trey",2025-10-19,TOR,SEA,Top,95.0,,,,ball,0,0
702056,"Yesavage, Trey",2025-10-19,TOR,SEA,Top,87.1,,,,foul,0,0
702056,"Yesavage, Trey",2025-10-19,TOR,SEA,Top,88.1,,,,ball,0,0
702056,"Yesavage, Trey",2025-10-19,TOR,SEA,Top,87.9,63.8,-59,single,hit_into_play,0,0
702056,"Yesavage, Trey",2025-10-19,TOR,SEA,Top,94.2,82.9,59,,foul,0,0
702056,"Yesavage, Trey",2025-10-19,TOR,SEA,Top,94.6,91.3,16,single,hit_into_play,0,0
702056,"Yesavage, Trey",2025-10-19,TOR,SEA,Top,82.8,81.5,29,field_out,hit_into_play,0,0
702056,"Yesavage, Trey",2025-10-19,TOR,SEA,Top,86.8,96.5,-9,,foul,0,1
702056,"Yesavage, Trey",2025-10-19,TOR,SEA,Top,82.3,,,,ball,0,0
702056,"Yesavage, Trey",2025-10-19,TOR,SEA,Top,93.8,71.3,48,,foul,0,0
702056,"Yesavage, Trey",2025-10-19,TOR,SEA,Top,82.8,,,,ball,0,0
702056,"Yesavage, Trey",2025-10-19,TOR,SEA,Top,87.5,,,,called_strike,0,0
669302,"Gilbert, Logan",2025-10-19,TOR,SEA,Bot,79.2,75.3,-11,field_out,hit_into_play,0,0
669302,"Gilbert, Logan",2025-10-19,TOR,SEA,Bot,77.9,,,,ball,0,0
669302,"Gilbert, Logan",2025-10-19,TOR,SEA,Bot,95.0,,,,swinging_strike,0,0
669302,"Gilbert, Logan",2025-10-19,TOR,SEA,Bot,94.6,,,,called_strike,0,0
669302,"Gilbert, Logan",2025-10-19,TOR,SEA,Bot,84.7,103.1,23,home_run,hit_into_play,0,1
669302,"Gilbert, Logan",2025-10-19,TOR,SEA,Bot,84.9,,,,called_strike,0,0
669302,"Gilbert, Logan",2025-10-19,TOR,SEA,Bot,93.1,96.1,32,triple,hit_into_play,0,1
669302,"Gilbert, Logan",2025-10-19,TOR,SEA,Bot,79.1,84.2,29,field_out,hit_into_play,0,0
669302,"Gilbert, Logan",2025-10-19,TOR,SEA,Bot,81.4,,,,called_strike,0,0
669302,"Gilbert, Logan",2025-10-19,TOR,SEA,Bot,84.4,,,,called_strike,0,0
669302,"Gilbert, Logan",2025-10-19,TOR,SEA,Bot,79.2,103.8,-11,field_out,hit_into_play,0,1
669302,"Gilbert, Logan",2025-10-19,TOR,SEA,Bot,81.2,,,,ball,0,0
669302,"Gilbert, Logan",2025-10-19,TOR,SEA,Bot,93.6,,,,called_strike,0,0
669302,"Gilbert, Logan",2025-10-19,TOR,SEA,Bot,79.6,,,,called_strike,0,0
702056,"Yesavage, Trey",2025-10-19,TOR,SEA,Top,83.4,100.5,-2,grounded_into_double_play,hit_into_play,0,1
702056,"Yesavage, Trey",2025-10-19,TOR,SEA,Top,88.8,,,walk,ball,0,0
702056,"Yesavage, Trey",2025-10-19,TOR,SEA,Top,83.4,,,,ball,0,0
702056,"Yesavage, Trey",2025-10-19,TOR,SEA,Top,88.4,,,,swinging_strike,0,0
702056,"Yesavage, Trey",2025-10-19,TOR,SEA,Top,87.5,,,,ball,0,0
702056,"Yesavage, Trey",2025-10-19,TOR,SEA,Top,88.1,,,,ball,0,0
702056,"Yesavage, Trey",2025-10-19,TOR,SEA,Top,94.8,95.4,36,single,hit_into_play,0,1
702056,"Yesavage, Trey",2025-10-19,TOR,SEA,Top,82.7,,,,ball,0,0
702056,"Yesavage, Trey",2025-10-19,TOR,SEA,Top,93.6,87.2,56,,foul,0,0
702056,"Yesavage, Trey",2025-10-19,TOR,SEA,Top,84.0,,,,blocked_ball,0,0
702056,"Yesavage, Trey",2025-10-19,TOR,SEA,Top,83.7,,,,ball,0,0
702056,"Yesavage, Trey",2025-10-19,TOR,SEA,Top,88.7,,,,swinging_strike_blocked,0,0
702056,"Yesavage, Trey",2025-10-19,TOR,SEA,Top,94.3,,,,called_strike,0,0
702056,"Yesavage, Trey",2025-10-19,TOR,SEA,Top,83.5,,,strikeout,swinging_strike,0,0
702056,"Yesavage, Trey",2025-10-19,TOR,SEA,Top,82.5,,,,blocked_ball,0,0
702056,"Yesavage, Trey",2025-10-19,TOR,SEA,Top,82.8,,,,swinging_strike,0,0
702056,"Yesavage, Trey",2025-10-19,TOR,SEA,Top,94.0,,,,called_strike,0,0
702056,"Yesavage, Trey",2025-10-19,TOR,SEA,Top,94.1,,,walk,ball,0,0
702056,"Yesavage, Trey",2025-10-19,TOR,SEA,Top,88.8,,,,ball,0,0
702056,"Yesavage, Trey",2025-10-19,TOR,SEA,Top,82.3,,,,ball,0,0
702056,"Yesavage, Trey",2025-10-19,TOR,SEA,Top,83.0,,,,swinging_strike,0,0
702056,"Yesavage, Trey",2025-10-19,TOR,SEA,Top,91.6,,,,called_strike,0,0
702056,"Yesavage, Trey",2025-10-19,TOR,SEA,Top,92.2,,,,ball,0,0
669302,"Gilbert, Logan",2025-10-19,TOR,SEA,Bot,88.5,116.0,1,force_out,hit_into_play,0,1
669302,"Gilbert, Logan",2025-10-19,TOR,SEA,Bot,86.7,,,,blocked_ball,0,0
669302,"Gilbert, Logan",2025-10-19,TOR,SEA,Bot,80.5,,,strikeout,swinging_strike,0,0
669302,"Gilbert, Logan",2025-10-19,TOR,SEA,Bot,96.3,80.3,11,,foul,0,0
669302,"Gilbert, Logan",2025-10-19,TOR,SEA,Bot,86.3,82.7,-43,,foul,0,0
669302,"Gilbert, Logan",2025-10-19,TOR,SEA,Bot,94.7,,,walk,ball,0,0
669302,"Gilbert, Logan",2025-10-19,TOR,SEA,Bot,87.5,,,,ball,0,0
669302,"Gilbert, Logan",2025-10-19,TOR,SEA,Bot,86.2,,,,ball,0,0
669302,"Gilbert, Logan",2025-10-19,TOR,SEA,Bot,87.9,,,,ball,0,0
669302,"Gilbert, Logan",2025-10-19,TOR,SEA,Bot,95.5,,,strikeout,swinging_strike,0,0
669302,"Gilbert, Logan",2025-10-19,TOR,SEA,Bot,86.3,,,,swinging_strike,0,0
669302,"Gilbert, Logan",2025-10-19,TOR,SEA,Bot,85.6,,,,ball,0,0
669302,"Gilbert, Logan",2025-10-19,TOR,SEA,Bot,94.5,,,,foul_bunt,0,0
669302,"Gilbert, Logan",2025-10-19,TOR,SEA,Bot,83.8,61.2,-55,single,hit_into_play,0,0
669302,"Gilbert, Logan",2025-10-19,TOR,SEA,Bot,77.8,70.1,-31,,foul,0,0
669302,"Gilbert, Logan",2025-10-19,TOR,SEA,Bot,80.4,,,,blocked_ball,0,0
669302,"Gilbert, Logan",2025-10-19,TOR,SEA,Bot,95.9,,,,foul,0,0
669302,"Gilbert, Logan",2025-10-19,TOR,SEA,Bot,86.5,,,,swinging_strike,0,0
669302,"Gilbert, Logan",2025-10-19,TOR,SEA,Bot,79.5,89.4,11,single,hit_into_play,0,0
669302,"Gilbert, Logan",2025-10-19,TOR,SEA,Bot,77.5,,,,blocked_ball,0,0
669302,"Gilbert, Logan",2025-10-19,TOR,SEA,Bot,87.5,82.1,-35,,foul,0,0
669302,"Gilbert, Logan",2025-10-19,TOR,SEA,Bot,78.4,,,,ball,0,0
669302,"Gilbert, Logan",2025-10-19,TOR,SEA,Bot,80.5,,,,swinging_strike,0,0
669302,"Gilbert, Logan",2025-10-19,TOR,SEA,Bot,86.8,,,,called_strike,0,0
669302,"Gilbert, Logan",2025-10-19,TOR,SEA,Bot,87.4,97.4,-2,field_error,hit_into_play,0,1
669302,"Gilbert, Logan",2025-10-19,TOR,SEA,Bot,94.7,,,,called_strike,0,0
669302,"Gilbert, Logan",2025-10-19,TOR,SEA,Bot,96.7,103.8,13,single,hit_into_play,0,1
669302,"Gilbert, Logan",2025-10-19,TOR,SEA,Bot,85.6,,,,called_strike,0,0
702056,"Yesavage, Trey",2025-10-19,TOR,SEA,Top,94.2,,,strikeout,called_strike,0,0
702056,"Yesavage, Trey",2025-10-19,TOR,SEA,Top,83.0,74.2,29,,foul,0,0
702056,"Yesavage, Trey",2025-10-19,TOR,SEA,Top,88.3,,,,ball,0,0
702056,"Yesavage, Trey",2025-10-19,TOR,SEA,Top,88.2,,,,called_strike,0,0
702056,"Yesavage, Trey",2025-10-19,TOR,SEA,Top,88.0,85.6,78,,foul,0,0
702056,"Yesavage, Trey",2025-10-19,TOR,SEA,Top,88.1,,,,ball,0,0
702056,"Yesavage, Trey",2025-10-19,TOR,SEA,Top,83.5,,,strikeout,swinging_strike,0,0
702056,"Yesavage, Trey",2025-10-19,TOR,SEA,Top,88.1,86.7,33,,foul,0,0
702056,"Yesavage, Trey",2025-10-19,TOR,SEA,Top,88.8,,,,swinging_strike,0,0
702056,"Yesavage, Trey",2025-10-19,TOR,SEA,Top,94.8,,,,ball,0,0
702056,"Yesavage, Trey",2025-10-19,TOR,SEA,Top,88.3,,,,called_strike,0,0
702056,"Yesavage, Trey",2025-10-19,TOR,SEA,Top,82.7,,,strikeout,swinging_strike,0,0
702056,"Yesavage, Trey",2025-10-19,TOR,SEA,Top,93.7,69.7,41,,foul,0,0
702056,"Yesavage, Trey",2025-10-19,TOR,SEA,Top,82.6,,,,swinging_strike,0,0
669302,"Gilbert, Logan",2025-10-19,TOR,SEA,Bot,80.8,,,strikeout,foul_tip,0,0
669302,"Gilbert, Logan",2025-10-19,TOR,SEA,Bot,96.2,99.1,34,,foul,0,1
669302,"Gilbert, Logan",2025-10-19,TOR,SEA,Bot,96.0,83.7,56,,foul,0,0
669302,"Gilbert, Logan",2025-10-19,TOR,SEA,Bot,88.0,75.7,-44,force_out,hit_into_play,0,0
669302,"Gilbert, Logan",2025-10-19,TOR,SEA,Bot,97.8,,,,blocked_ball,0,0
669302,"Gilbert, Logan",2025-10-19,TOR,SEA,Bot,96.9,78.4,10,,foul,0,0
669302,"Gilbert, Logan",2025-10-19,TOR,SEA,Bot,95.1,74.5,16,single,hit_into_play,0,0
669302,"Gilbert, Logan",2025-10-19,TOR,SEA,Bot,96.2,,,,ball,0,0
669302,"Gilbert, Logan",2025-10-19,TOR,SEA,Bot,87.5,,,,called_strike,0,0
669302,"Gilbert, Logan",2025-10-19,TOR,SEA,Bot,95.5,,,,ball,0,0
669302,"Gilbert, Logan",2025-10-19,TOR,SEA,Bot,85.9,51.8,43,field_out,hit_into_play,0,0
669302,"Gilbert, Logan",2025-10-19,TOR,SEA,Bot,96.7,66.1,62,,foul,0,0
669302,"Gilbert, Logan",2025-10-19,TOR,SEA,Bot,83.2,,,,ball,0,0
669302,"Gilbert, Logan",2025-10-19,TOR,SEA,Bot,87.5,,,,ball,0,0
669302,"Gilbert, Logan",2025-10-19,TOR,SEA,Bot,97.8,100.6,32,,foul,0,1
669302,"Gilbert, Logan",2025-10-19,TOR,SEA,Bot,97.9,77.7,47,,foul,0,0
669302,"Gilbert, Logan",2025-10-19,TOR,SEA,Bot,96.8,94.2,68,,foul,0,0
669302,"Gilbert, Logan",2025-10-19,TOR,SEA,Bot,86.9,,,,swinging_strike,0,0
669302,"Gilbert, Logan",2025-10-19,TOR,SEA,Bot,96.9,,,,ball,0,0
702056,"Yesavage, Trey",2025-10-19,TOR,SEA,Top,83.4,88.9,31,field_out,hit_into_play,0,0
702056,"Yesavage, Trey",2025-10-19,TOR,SEA,Top,83.9,,,,ball,0,0
702056,"Yesavage, Trey",2025-10-19,TOR,SEA,Top,83.8,,,,swinging_strike,0,0
702056,"Yesavage, Trey",2025-10-19,TOR,SEA,Top,89.0,,,strikeout,swinging_strike,0,0
702056,"Yesavage, Trey",2025-10-19,TOR,SEA,Top,94.6,,,,ball,0,0
702056,"Yesavage, Trey",2025-10-19,TOR,SEA,Top,83.5,79.6,-3,,foul,0,0
702056,"Yesavage, Trey",2025-10-19,TOR,SEA,Top,89.0,,,,called_strike,0,0
702056,"Yesavage, Trey",2025-10-19,TOR,SEA,Top,93.9,,,,ball,0,0
702056,"Yesavage, Trey",2025-10-19,TOR,SEA,Top,94.3,94.6,28,field_out,hit_into_play,0,0
